ACCESSION_NUMBER,SUBMISSION_TYPE,FILING_DATE,CIK,FILE_NUMBER,PERIOD
0001665160-25-001258,C-U,20250630,0002065437,020-35950,
0001669191-25-000401,C/A,20250630,0001955728,020-35674,
0001669191-25-000399,C/A,20250630,0002045208,020-35271,
0001665160-25-001256,C,20250630,0002068679,020-36104,
0001670254-25-000671,C/A,20250630,0002059521,020-35827,
0001665160-25-001254,C/A,20250627,0002044995,020-35164,
0001096906-25-001063,C/A,20250627,0001972942,020-35847,
0001831910-25-000002,C,20250627,0001831910,020-36102,
0002055679-25-000005,C/A,20250627,0002055679,020-35528,
0002074857-25-000001,C,20250627,0002074857,020-36100,
0001822620-25-000002,C,20250627,0001822620,020-36096,
0001822620-25-000005,C,20250627,0001864471,020-36099,
0002063604-25-000154,C,20250626,0002074976,020-36094,
0001062993-25-012170,C/A,20250626,0002017801,020-35775,
0001665160-25-001249,C,20250626,0001888699,020-36093,
0001733164-25-000004,C,20250626,0001733164,020-36091,
0001990151-25-000002,C,20250626,0001990151,020-36090,
0001665160-25-001246,C,20250626,0002068678,020-36088,
0001665160-25-001241,C,20250626,0001978166,020-36087,
0002061137-25-000004,C,20250626,0002061137,020-36085,
0001670254-25-000669,C,20250626,0002074630,020-36083,
0002055971-25-000004,C-U,20250625,0002055971,020-35668,
0001846920-25-000002,C,20250625,0001846920,020-36082,
0001670254-25-000668,C/A,20250625,0002066193,020-35946,
0002063604-25-000153,C-U,20250625,0002065740,020-35870,
0002063604-25-000152,C-U,20250625,0002067705,020-35915,
0002063604-25-000151,C-U,20250625,0002065667,020-35823,
0002063604-25-000150,C-U,20250625,0002065738,020-35869,
0001091818-25-000076,C-AR/A,20250625,0001089104,020-28835,20240331
0002024141-25-000005,C-U,20250625,0002024141,020-34436,
0002063604-25-000149,C-W,20250625,0001951290,020-31380,
0001665160-25-001237,C,20250625,0001894050,020-36080,
0002063604-25-000148,C/A,20250625,0002043207,020-35899,
0001670254-25-000665,C,20250624,0002071656,020-36078,
0002068524-25-000001,C,20250624,0002068524,020-36077,
0002074241-25-000001,C,20250624,0002074241,020-36076,
0001977788-25-000002,C,20250624,0001977788,020-36075,
0001096906-25-001025,C,20250624,0002068646,020-36073,
0002064142-25-000001,C,20250624,0002064142,020-36071,
0002011617-25-000005,C,20250624,0002011617,020-36070,
0002069232-25-000003,C/A,20250624,0002069232,020-35921,
0001641172-25-016264,C-AR,20250624,0002041619,020-34920,20241231
0002012810-25-000008,C-U,20250624,0002012810,020-34281,
0002042357-25-000004,C,20250624,0002042357,020-36068,
0001641172-25-016208,C-AR,20250624,0002048893,020-35311,20241231
0002068151-25-000002,C/A,20250624,0002068151,020-35903,
0001906867-25-000002,C-TR,20250624,0001906867,020-33249,
0002063604-25-000147,C/A,20250624,0002071647,020-36018,
0001099910-25-000174,C,20250623,0002010670,020-36066,
0002073287-25-000002,C/A,20250623,0002073287,020-36023,
0002063604-25-000146,C/A,20250623,0002074293,020-36064,
0002063604-25-000145,C,20250623,0002074293,020-36064,
0001670254-25-000663,C,20250623,0002070139,020-36063,
0002042357-25-000002,C,20250623,0002042357,020-36062,
0001665160-25-001235,C/A,20250623,0001733353,020-35711,
0002063604-25-000144,C/A,20250623,0002072316,020-36033,
0001665160-25-001233,C,20250623,0002069679,020-36060,
0001923174-25-000005,C,20250623,0002040382,020-36059,
0002066043-25-000004,C/A,20250623,0002066043,020-35857,
0001665160-25-001231,C/A,20250623,0002045378,020-35185,
0001665160-25-001230,C-U,20250623,0001606242,020-35071,
0001665160-25-001229,C-U,20250623,0001777274,020-35351,
0002063604-25-000143,C,20250623,0002069689,020-36057,
0001641172-25-015982,C-U,20250623,0002065709,020-35825,
0002063604-25-000142,C/A,20250623,0002073286,020-36024,
0002047783-25-000002,C,20250623,0002047783,020-36056,
0001641172-25-015938,C-U,20250620,0002050552,020-35357,
0001641172-25-015935,C-U,20250620,0002046610,020-35261,
0001641172-25-015927,C-U,20250620,0002048893,020-35311,
0001641172-25-015921,C-U,20250620,0002054971,020-35509,
0001641172-25-015918,C-U,20250620,0002040283,020-34870,
0001641172-25-015902,C-U,20250620,0002040864,020-34890,
0001641172-25-015897,C-U,20250620,0002036399,020-34728,
0001641172-25-015892,C-U,20250620,0002032656,020-34624,
0001641172-25-015888,C-U,20250620,0002023018,020-34245,
0001641172-25-015879,C-U,20250620,0002021726,020-34132,
0001096906-25-000991,C,20250620,0002072148,020-36054,
0001981357-25-000003,C,20250620,0001981357,020-36052,
0001941410-25-000002,C-AR,20250620,0001941410,020-30856,20241231
0002063604-25-000141,C,20250620,0001785920,020-36050,
0002063604-25-000140,C,20250620,0002073411,020-36049,
0001665160-25-001228,C-AR,20250620,0001978166,020-32426,20241231
0001670254-25-000662,C/A,20250620,0001825224,020-34287,
0001665160-25-001226,C/A,20250620,0002059368,020-35672,
0002072081-25-000001,C,20250620,0002072081,020-36048,
0001062993-25-011923,C-U,20250620,0002032221,020-34635,
0002063604-25-000139,C/A,20250620,0002072326,020-36035,
0002063604-25-000137,C/A,20250620,0002071647,020-36018,
0002063604-25-000138,C/A,20250620,0002071647,020-36018,
0001670254-25-000661,C,20250620,0001802249,020-36047,
0002063604-25-000136,C,20250618,0002072325,020-36046,
0001096906-25-000979,C/A,20250618,0001972942,020-35847,
0001665160-25-001225,C/A,20250618,0002063642,020-35762,
0001665160-25-001224,C/A,20250618,0001765489,020-35175,
0001997555-25-000004,C-AR,20250618,0001997555,020-34998,20241231
0002063604-25-000135,C,20250618,0002073782,020-36045,
0002063604-25-000134,C/A,20250618,0002042421,020-35995,
0002063604-25-000133,C/A,20250618,0002071738,020-35998,
0001670254-25-000659,C,20250618,0001850978,020-36044,
0001952064-25-000005,C/A,20250618,0001952064,020-31601,
0001968655-25-000002,C-AR,20250617,0001968655,020-32042,20241231
0002067222-25-000001,C,20250617,0002067222,020-36043,
0002063604-25-000132,C,20250617,0002071817,020-36042,
0002063604-25-000131,C,20250617,0002071612,020-36041,
0002072448-25-000001,C,20250617,0002072448,020-36040,
0001665160-25-001223,C/A,20250617,0002051498,020-35469,
0001665160-25-001221,C-AR,20250617,0001950391,020-33298,20241231
0001920988-25-000002,C-AR,20250617,0001920988,020-35117,20241231
0001665160-25-001218,C,20250617,0002070579,020-36039,
0002053814-25-000001,C,20250617,0002053814,020-36037,
0002063604-25-000130,C,20250617,0002073232,020-36036,
0002063604-25-000129,C,20250617,0002072326,020-36035,
0002071815-25-000001,C,20250617,0002071815,020-36034,
0001709539-25-000003,C-AR,20250617,0001709539,020-23477,20241231
0002063604-25-000128,C,20250616,0002072316,020-36033,
0002063604-25-000127,C,20250616,0002071597,020-36032,
0001555127-25-000006,C/A,20250616,0001555127,020-35753,
0001817371-25-000004,C/A,20250616,0001817371,020-33484,
0001817371-25-000003,C-AR,20250616,0001817371,020-33484,20241231
0001978358-25-000004,C-AR,20250616,0001978358,020-32417,20241231
0002063604-25-000126,C,20250616,0002071756,020-36031,
0001062993-25-011735,C/A,20250616,0002038981,020-36015,
0001062993-25-011731,C-U,20250616,0002058322,020-35610,
0001104659-25-059806,C,20250616,0001817417,020-36030,
0001963747-25-000005,C/A,20250616,0001963747,020-35773,
0001665160-25-001216,C,20250616,0001890225,020-36028,
0002063604-25-000125,C,20250616,0002071757,020-36026,
0002062333-25-000003,C,20250616,0002062333,020-36025,
0002063604-25-000124,C,20250616,0002073286,020-36024,
0002073287-25-000001,C,20250616,0002073287,020-36023,
0001666102-25-000030,C-AR/A,20250616,0001869822,020-32363,20241231
0001666102-25-000029,C/A,20250616,0001869822,020-34402,
0001666102-25-000028,C/A,20250616,0001817727,020-34999,
0001670254-25-000657,C,20250613,0002066240,020-36021,
0002063604-25-000123,C,20250613,0002073282,020-36020,
0001669191-25-000397,C/A,20250613,0001934348,020-30414,
0001669191-25-000395,C-U,20250613,0001963969,020-35864,
0002020122-25-000003,C-W,20250613,0002020122,020-34194,
0002063604-25-000122,C,20250613,0002071647,020-36018,
0001665160-25-001214,C-U,20250613,0002055427,020-35941,
0001665160-25-001212,C-U,20250613,0002053900,020-35974,
0001670254-25-000655,C,20250613,0001930007,020-36017,
0002063604-25-000121,C,20250613,0002071748,020-36016,
0001062993-25-011619,C-U,20250613,0001763588,020-35701,
0001670254-25-000654,C/A,20250613,0002042609,020-35050,
0001062993-25-011594,C,20250613,0002038981,020-36015,
0001665160-25-001211,C/A,20250612,0002063062,020-35804,
0001665160-25-001207,C-U,20250612,0002063496,020-35741,
0002063604-25-000119,C,20250612,0002072483,020-36013,
0001669191-25-000393,C/A,20250612,0001760855,020-32974,
0001690433-25-000003,C-AR,20250612,0001690433,020-28325,20241231
0001665160-25-001206,C,20250612,0001842368,020-36012,
0002004082-25-000001,C-AR,20250612,0002004082,020-33692,20241231
0002053710-25-000003,C-W,20250612,0002053710,020-35524,
0001670254-25-000652,C,20250612,0002069991,020-36010,
0001099910-25-000171,C,20250611,0002010670,020-36009,
0002063604-25-000118,C,20250611,0002033131,020-36008,
0001641172-25-014734,C-U,20250611,0001867925,020-35632,
0001665160-25-001204,C-AR,20250611,0001748070,020-24795,20241231
0001062993-25-011388,C/A,20250611,0002032221,020-34635,
0001665160-25-001203,C/A,20250611,0002003387,020-35814,
0001665160-25-001202,C/A,20250611,0002045356,020-35542,
0001665160-25-001201,C/A,20250611,0001777274,020-35351,
0001665160-25-001199,C/A,20250611,0001606242,020-35071,
0002072345-25-000002,C/A,20250611,0002063441,020-35897,
0001830411-25-000006,C-TR,20250611,0001830411,020-27194,
0001830411-25-000004,C-AR,20250611,0001830411,020-30322,20241231
0001830411-25-000002,C-AR,20250611,0001830411,020-30322,20201231
0002072345-25-000001,C,20250611,0002072345,020-36006,
0001665160-25-001196,C,20250611,0002062792,020-36005,
0001670254-25-000651,C,20250611,0001820469,020-36003,
0001670254-25-000645,C,20250611,0001924107,020-36001,
0001670254-25-000644,C,20250611,0002054865,020-36000,
0001670254-25-000647,C,20250611,0001881570,020-36002,
0001665160-25-001190,C-AR,20250610,0001836741,020-27338,20241231
0001789113-25-000003,C-TR,20250610,0001789113,020-27390,
0001884054-25-000002,C-AR,20250610,0001884054,020-34792,20241231
0002063604-25-000117,C,20250610,0002071738,020-35998,
0001669191-25-000390,C-AR,20250609,0002004745,020-34651,20241231
0001669776-25-000003,C,20250609,0001669776,020-35997,
0001937039-25-000002,C-TR,20250609,0001937039,020-30629,
0002063604-25-000116,C,20250609,0002071635,020-35996,
0002063604-25-000115,C,20250609,0002042421,020-35995,
0001096906-25-000939,C,20250609,0002069735,020-35994,
0002063604-25-000113,C-AR,20250609,0001968591,020-31951,20241231
0002063604-25-000112,C-AR,20250609,0001739408,020-24230,20241231
0001669191-25-000389,C/A,20250609,0002046222,020-35723,
0001665160-25-001189,C-U,20250609,0001665470,020-34921,
0001665160-25-001185,C-U,20250606,0001907256,020-35919,
0001665160-25-001184,C-U,20250606,0002063609,020-35841,
0002063604-25-000110,C,20250606,0002071549,020-35989,
0002063604-25-000109,C,20250606,0002071627,020-35988,
0001936290-25-000003,C,20250606,0001936290,020-35987,
0001670254-25-000642,C-AR,20250606,0001820469,020-26783,20241231
0002063604-25-000107,C,20250606,0002071554,020-35986,
0002059502-25-000002,C-W,20250606,0002059502,020-35745,
0001937039-25-000001,C-AR,20250605,0001937039,020-30629,20241231
0002034501-25-000006,C-U,20250605,0002034501,020-35611,
0001670254-25-000640,C,20250605,0002071645,020-35985,
0001670254-25-000638,C,20250605,0002071658,020-35984,
0002063604-25-000106,C,20250605,0002067662,020-35983,
0001669191-25-000386,C/A,20250605,0002060409,020-35982,
0001665160-25-001183,C/A,20250605,0002046188,020-35241,
0001665160-25-001182,C/A,20250605,0002057570,020-35780,
0001669191-25-000384,C-U,20250605,0001898169,020-35698,
0001669191-25-000381,C,20250605,0002060409,020-35982,
0001665160-25-001180,C,20250605,0001759037,020-35980,
0001062993-25-011029,C/A,20250605,0002059570,020-35678,
0001670254-25-000637,C-U,20250604,0001817417,020-35428,
0001670254-25-000635,C,20250604,0001911387,020-35978,
0001665160-25-001176,C-TR,20250604,0002034777,020-35073,
0001700943-25-000001,C-AR,20250604,0001700943,020-32874,20241231
0001887950-25-000004,C-TR,20250604,0001887950,020-30671,
0001062993-25-010906,C,20250604,0001966710,020-35976,
0001641172-25-013484,C-W,20250603,0002016234,020-35719,
0001665160-25-001174,C,20250603,0002053900,020-35974,
0001665160-25-001172,C-AR,20250603,0002056160,020-35562,20241231
0002063604-25-000105,C/A,20250603,0002071097,020-35965,
0002063604-25-000104,C/A,20250603,0002068383,020-35940,
0002071246-25-000001,C,20250603,0002071246,020-35971,
0001669191-25-000375,C/A,20250603,0001990952,020-33066,
0001665160-25-001170,C-U,20250603,0002045329,020-35231,
0002008188-25-000003,C/A,20250603,0002008188,020-34569,
0001817571-25-000001,C-AR,20250603,0001817571,020-26817,20241231
0002063604-25-000103,C-U,20250603,0002065587,020-35821,
0002063604-25-000102,C-U,20250603,0002065612,020-35822,
0002063604-25-000101,C-U,20250603,0002061068,020-35683,
0002063604-25-000100,C-U,20250603,0002063806,020-35754,
0002063604-25-000099,C-U,20250603,0002063605,020-35776,
0002063604-25-000098,C-U,20250603,0001978309,020-35625,
0002063604-25-000097,C-U,20250603,0002058870,020-35624,
0002063604-25-000096,C-U,20250603,0002062677,020-35730,
0002063604-25-000095,C-U,20250603,0001848743,020-35729,
0002063604-25-000094,C-U,20250603,0002058682,020-35646,
0002063604-25-000093,C-U,20250603,0001751259,020-35617,
0001665160-25-001168,C,20250603,0002069818,020-35970,
0002063604-25-000092,C-U,20250603,0002060080,020-35681,
0002063604-25-000091,C-U,20250603,0002050877,020-35430,
0002063604-25-000090,C-U,20250603,0002053369,020-35482,
0002063604-25-000089,C-U,20250603,0002046887,020-35583,
0002063604-25-000088,C-U,20250603,0002055253,020-35598,
0002063604-25-000087,C-U,20250603,0002059340,020-35642,
0002063604-25-000086,C-U,20250603,0002052841,020-35462,
0002063604-25-000085,C-U,20250603,0002059483,020-35647,
0002063604-25-000084,C-U,20250603,0002059334,020-35651,
0002063604-25-000083,C/A,20250603,0002069669,020-35952,
0001683892-25-000005,C,20250603,0001683892,020-35968,
0001641172-25-013345,C-U,20250603,0001569744,020-35906,
0002063604-25-000082,C,20250602,0002070097,020-35967,
0002026753-25-000003,C/A,20250602,0002026753,020-34286,
0001989495-25-000003,C-AR,20250602,0001989495,020-33329,20250430
0002063604-25-000081,C,20250602,0002070098,020-35966,
0002063604-25-000080,C,20250602,0002071097,020-35965,
0001665160-25-001166,C/A,20250602,0002052774,020-35436,
0001665160-25-001164,C,20250602,0001905495,020-35964,
0001665160-25-001163,C-U,20250602,0001842368,020-35293,
0002052474-25-000005,C-U,20250602,0002052474,020-35664,
0001926863-25-000005,C/A,20250602,0001926863,020-34374,
0001670254-25-000633,C/A,20250602,0002059521,020-35827,
0001641172-25-013133,C-AR,20250602,0001569744,020-33373,20241231
0001927612-25-000003,C/A,20250602,0001927612,020-34527,
0001641172-25-013074,C/A,20250530,0002019817,020-35816,
0001670254-25-000631,C,20250530,0002059520,020-35962,
0001062993-25-010550,C-AR,20250530,0001775767,020-28022,20250131
0002031525-25-000001,C-AR,20250530,0002031525,020-34687,20250530
0001807742-25-000002,C-AR,20250530,0001807742,020-26273,20211231
0001670254-25-000629,C,20250530,0002068932,020-35961,
0001669191-25-000373,C/A,20250530,0001963969,020-35864,
0002051420-25-000003,C-U,20250530,0002051420,020-35703,
0001096906-25-000901,C/A,20250530,0002030392,020-34563,
0002067432-25-000002,C/A,20250530,0002067432,020-35898,
0001927612-25-000002,C/A,20250530,0001927612,020-34527,
0002009422-25-000007,C,20250530,0002067106,020-35960,
0002052584-25-000002,C,20250530,0002052584,020-35959,
0001811482-25-000003,C-AR,20250530,0001811482,020-26523,20241231
0001213900-25-049155,C-U,20250530,0002008507,020-35685,
0001665160-25-001161,C-U,20250530,0002056434,020-35597,
0001665160-25-001160,C/A,20250530,0001706024,020-35866,
0002070831-25-000002,C,20250530,0002070831,020-35958,
0001062993-25-010499,C-U,20250530,0001966710,020-35498,
0002069656-25-000001,C,20250529,0002069656,020-35957,
0001789113-25-000002,C-AR,20250529,0001789113,020-27390,20241231
0001542172-25-000002,C-AR,20250529,0001542172,020-31923,20241231
0001887950-25-000003,C-AR,20250529,0001887950,020-30671,20241231
0001887950-25-000002,C-AR,20250529,0001887950,020-30671,20231231
0002062402-25-000005,C/A,20250529,0002062402,020-35796,
0001820902-25-000002,C-AR,20250529,0001820902,020-34158,20241231
0001665160-25-001159,C/A,20250529,0002059368,020-35672,
0001669191-25-000371,C/A,20250529,0002061971,020-35709,
0001829126-25-004030,C,20250529,0002064874,020-35956,
0001641172-25-012771,C/A,20250529,0001569744,020-35906,
0001665160-25-001158,C-AR,20250529,0001926899,020-31655,20241231
0001670254-25-000627,C,20250529,0002070624,020-35954,
0001670254-25-000623,C,20250529,0002065851,020-35953,
0001670254-25-000625,C/A,20250529,0002045906,020-35268,
0002049499-25-000006,C/A,20250528,0002049499,020-35427,
0001644600-25-000043,C-AR,20250528,0001985076,020-32637,20241231
0001665160-25-001157,C/A,20250528,0002065286,020-35806,
0002063604-25-000079,C,20250528,0002069669,020-35952,
0002063604-25-000078,C,20250528,0002069682,020-35951,
0002063604-25-000077,C-AR,20250528,0002021564,020-34096,20241231
0002063604-25-000076,C-AR,20250528,0001994918,020-33448,20241231
0002063604-25-000075,C-AR,20250528,0001913986,020-29775,20241231
0002063604-25-000074,C-AR,20250528,0002037098,020-34758,20241231
0002063604-25-000073,C-AR,20250528,0002008370,020-33498,20241231
0002063604-25-000072,C-AR,20250528,0002013642,020-33749,20241231
0002063604-25-000071,C-AR,20250528,0002006153,020-33456,20241231
0001665160-25-001155,C-AR,20250528,0001980292,020-32657,20241231
0001665160-25-001153,C,20250528,0002065437,020-35950,
0001670254-25-000617,C,20250528,0002066193,020-35946,
0001670254-25-000619,C,20250528,0002070452,020-35947,
0002049499-25-000005,C/A,20250528,0002049499,020-35427,
0001670254-25-000621,C,20250528,0002068643,020-35948,
0001962127-25-000006,C-TR,20250527,0001962127,020-31938,
0001670254-25-000615,C,20250527,0001833354,020-35945,
0002068540-25-000001,C,20250527,0002068540,020-35944,
0001669191-25-000369,C/A,20250527,0001963969,020-35864,
0001665160-25-001150,C,20250527,0002066446,020-35943,
0002063604-25-000070,C-AR,20250527,0001860229,020-28036,20241231
0002063604-25-000069,C/A,20250527,0002066149,020-35889,
0001669191-25-000367,C/A,20250527,0001963969,020-35864,
0001665160-25-001147,C,20250527,0002055427,020-35941,
0002063604-25-000068,C,20250527,0002068383,020-35940,
0002063604-25-000067,C,20250527,0002070038,020-35938,
0002050865-25-000003,C-U,20250527,0002065594,020-35831,
0002050865-25-000002,C-U,20250527,0002050865,020-35588,
0001670254-25-000612,C,20250527,0002068378,020-35937,
0001096906-25-000887,C/A,20250527,0002044949,020-35133,
0001670254-25-000610,C-AR,20250527,0001978951,020-32449,20240430
0001641172-25-012344,C-U,20250527,0001569744,020-35906,
0001670254-25-000611,C,20250527,0001978951,020-35936,
0002041292-25-000001,C,20250523,0002041292,020-35935,
0001670254-25-000608,C,20250523,0001419208,020-35934,
0001665160-25-001144,C/A,20250523,0002057570,020-35780,
0001140361-25-020341,C-U,20250523,0002061269,020-35820,
0001873218-25-000002,C-TR,20250523,0001873218,020-29851,
0001761779-25-000012,C-TR,20250523,0001761779,020-25038,
0001761779-25-000010,C-AR,20250523,0001761779,020-25038,20241231
0001761779-25-000009,C-AR,20250523,0001761779,020-25038,20231231
0001761779-25-000008,C-AR,20250523,0001761779,020-25038,20221231
0001761779-25-000007,C-AR,20250523,0001761779,020-25038,20211231
0001761779-25-000005,C-AR,20250523,0001761779,020-25038,20201231
0001096906-25-000882,C-AR,20250523,0002044949,020-35133,20241231
0001062993-25-010173,C-U,20250523,0001875534,020-35218,
0001761779-25-000003,C-AR-W,20250523,0001761779,020-25038,20191231
0001761779-25-000001,C-AR,20250523,0001761779,020-25038,20191231
0001376474-25-000493,C-AR,20250523,0001872421,020-28555,20241231
0002068816-25-000001,C,20250523,0002068816,020-35933,
0001641172-25-012053,C-U,20250522,0002041619,020-34920,
0001821120-25-000001,C-AR,20250522,0001821120,020-26786,20250430
0001807583-25-000002,C-AR,20250522,0001807583,020-26274,20250501
0001099910-25-000154,C-W,20250522,0002016675,020-34309,
0001670254-25-000607,C,20250522,0001930002,020-35932,
0001665160-25-001133,C/A,20250522,0001859901,020-35913,
0002063604-25-000066,C,20250522,0002066619,020-35931,
0001962127-25-000004,C-AR,20250522,0001962127,020-31938,20231231
0002045046-25-000005,C-U,20250522,0002045046,020-35658,
0001670254-25-000604,C,20250522,0002067424,020-35930,
0001665160-25-001131,C-TR,20250522,0001940279,020-30623,
0002053453-25-000007,C/A,20250521,0002053453,020-35692,
0001665160-25-001130,C-U,20250521,0001774677,020-35247,
0001665160-25-001129,C/A,20250521,0002051563,020-35502,
0001736388-25-000002,C-AR,20250521,0001736388,020-24160,20241231
0001670254-25-000603,C/A,20250521,0001927507,020-34143,
0001670254-25-000601,C-U,20250521,0001930002,020-35481,
0001665160-25-001128,C/A,20250521,0001822078,020-34534,
0001683168-25-003910,C-AR,20250521,0001759058,020-24909,20241231
0001213900-25-046407,C-AR,20250521,0001533849,020-26592,20221231
0001665160-25-001126,C-AR,20250521,0001935174,020-30451,20241231
0002063604-25-000065,C,20250521,0002069644,020-35929,
0002063604-25-000064,C,20250521,0002069647,020-35928,
0002063604-25-000063,C,20250521,0002069666,020-35927,
0001665160-25-001123,C-AR,20250521,0001919437,020-30036,20241231
0002040359-25-000003,C-AR,20250521,0002040359,020-35062,20241231
0001670254-25-000599,C-AR,20250521,0001930002,020-30327,20241231
0001818986-25-000002,C-TR,20250521,0001818986,020-26688,
0001670254-25-000597,C,20250521,0002064250,020-35926,
0001139685-25-000005,C,20250520,0001139685,020-35925,
0001760404-25-000005,C-U,20250520,0001760404,020-34703,
0002063604-25-000062,C,20250520,0002068525,020-35924,
0002063604-25-000061,C,20250520,0002067041,020-35923,
0002063604-25-000060,C,20250520,0002067667,020-35922,
0001665160-25-001121,C/A,20250520,0002052600,020-35465,
0001669191-25-000365,C/A,20250520,0001963969,020-35864,
0001665160-25-001120,C/A,20250520,0001783128,020-35641,
0002069232-25-000001,C,20250520,0002069232,020-35921,
0001139685-25-000003,C-AR,20250520,0001139685,020-23669,20250131
0002021824-25-000003,C-U,20250520,0002021824,020-34783,
0002063604-25-000059,C,20250520,0002067647,020-35920,
0001665160-25-001117,C,20250520,0001907256,020-35919,
0001641172-25-011656,C-U,20250520,0001851491,020-35489,
0001641172-25-011653,C-U,20250520,0001851491,020-35489,
0002062402-25-000004,C-U,20250520,0002062402,020-35796,
0002063604-25-000058,C-AR,20250520,0001947570,020-31225,20241231
0001665160-25-001115,C-AR,20250520,0001890225,020-29133,20241231
0001665160-25-001113,C-AR,20250520,0001887236,020-28963,20241231
0002063604-25-000057,C-W,20250520,0002063803,020-35756,
0002063604-25-000056,C-AR,20250520,0002043582,020-35182,20241231
0002063604-25-000055,C-AR,20250520,0002043333,020-35079,20241231
0002063604-25-000054,C/A,20250520,0001896328,020-35914,
0001998336-25-000006,C-AR,20250520,0002035044,020-34721,20250430
0001998336-25-000005,C-AR/A,20250519,0001998336,020-33101,20250430
0001096906-25-000850,C,20250519,0002066860,020-35917,
0002063604-25-000053,C-AR,20250519,0002013683,020-33723,20241231
0002063604-25-000052,C-AR,20250519,0002010247,020-33637,20241231
0001998336-25-000002,C-AR,20250519,0001998336,020-33101,20250430
0002063604-25-000051,C,20250519,0002067705,020-35915,
0002063604-25-000050,C/A,20250519,0002065739,020-35872,
0002020084-25-000002,C-AR,20250519,0002020084,020-34037,20241231
0001665160-25-001111,C/A,20250519,0002056041,020-35556,
0001665160-25-001109,C-AR,20250519,0001962791,020-31774,20241231
0002063604-25-000049,C,20250519,0001896328,020-35914,
0002008715-25-000002,C-TR,20250519,0002008715,020-34359,
0002008715-25-000001,C-AR,20250519,0002008715,020-34359,20241231
0001665160-25-001107,C,20250519,0001859901,020-35913,
0001641172-25-011330,C-U,20250519,0002022066,020-34130,
0001670254-25-000593,C,20250519,0002062045,020-35911,
0001665160-25-001105,C/A,20250519,0002056041,020-35556,
0002066444-25-000001,C,20250516,0002066444,020-35910,
0001670254-25-000591,C-AR/A,20250516,0001759313,020-25217,20241231
0001665160-25-001104,C-AR,20250516,0002044823,020-35145,20241231
0002028213-25-000001,C-TR,20250516,0002028213,020-34398,
0001888682-25-000002,C-U,20250516,0001888682,020-34371,
0002045910-25-000001,C-U,20250516,0002045910,020-35208,
0001670254-25-000586,C,20250516,0001854861,020-35908,
0001670254-25-000585,C/A,20250516,0001808819,020-35417,
0001670254-25-000588,C,20250516,0001804181,020-35909,
0001670254-25-000584,C/A,20250516,0001781973,020-35752,
0002061553-25-000002,C,20250515,0002067743,020-35907,
0001641172-25-010770,C,20250515,0001569744,020-35906,
0002066364-25-000001,C,20250515,0002066364,020-35904,
0002022919-25-000004,C-TR,20250515,0002022919,020-34200,
0002022919-25-000002,C-AR,20250515,0002022919,020-34200,20241231
0001665160-25-001101,C/A,20250515,0002046188,020-35241,
0002052148-25-000005,C/A,20250515,0002052148,020-35559,
0002063604-25-000048,C/A,20250515,0002064571,020-35844,
0002068151-25-000001,C,20250515,0002068151,020-35903,
0001665160-25-001099,C/A,20250514,0001845509,020-35675,
0001665160-25-001098,C/A,20250514,0001859835,020-35017,
0001644600-25-000042,C-TR,20250514,0001833314,020-27354,
0001830612-25-000002,C-AR,20250514,0001830612,020-27264,20221231
0001670254-25-000582,C-AR,20250514,0001818986,020-26688,20241231
0001665160-25-001097,C/A,20250514,0002056316,020-35584,
0001670254-25-000580,C,20250514,0002064868,020-35902,
0001665160-25-001096,C,20250514,0002056421,020-35901,
0001917980-25-000005,C-TR,20250514,0001917980,020-31571,
0001850257-25-000001,C-AR,20250514,0001850257,020-33215,20241231
0001917980-25-000004,C-AR,20250514,0001917980,020-31571,20241231
0002063604-25-000046,C/A,20250514,0002043207,020-35899,
0002063604-25-000044,C,20250514,0002043207,020-35899,
0002063604-25-000043,C-TR,20250514,0001807623,020-26298,
0001739450-25-000005,C-TR,20250513,0001739450,020-25090,
0001665160-25-001094,C-TR,20250513,0001783271,020-27249,
0001062993-25-009225,C-U,20250513,0001870766,020-34429,
0001669191-25-000363,C/A,20250513,0001963969,020-35864,
0001669191-25-000362,C/A,20250513,0001760855,020-32974,
0001665160-25-001093,C-AR,20250513,0001875237,020-34995,20241231
0002067432-25-000001,C,20250513,0002067432,020-35898,
0001665160-25-001091,C-AR,20250513,0002028213,020-34398,20241231
0001017386-25-000064,C-AR,20250513,0001377469,020-28828,20241231
0001665160-25-001089,C/A,20250513,0002033731,020-35778,
0001665160-25-001087,C-AR,20250513,0001864866,020-28183,20241231
0001863991-25-000003,C-TR,20250513,0001863991,020-28172,
0001863991-25-000001,C-AR,20250513,0001863991,020-28172,20241231
0001868907-25-000001,C-AR,20250513,0001868907,020-30209,20241231
0001965001-25-000001,C-AR,20250513,0001965001,020-31805,20250513
0001665160-25-001085,C-AR,20250513,0002030658,020-34495,20241231
0002063441-25-000001,C,20250513,0002063441,020-35897,
0001670254-25-000579,C-U,20250513,0001871680,020-34355,
0001477932-25-003554,C-AR,20250512,0001061040,020-33910,20241231
0001062993-25-009099,C/A,20250512,0001763588,020-35701,
0001665160-25-001082,C-AR,20250512,0001836728,020-27399,20241231
0001665160-25-001080,C-AR,20250512,0001472687,020-32530,20241231
0001665160-25-001077,C-AR,20250512,0001676516,020-30583,20241231
0001665160-25-001075,C-AR,20250512,0001899773,020-29554,20241231
0001665160-25-001072,C-AR,20250512,0002003000,020-33356,20241231
0002063604-25-000042,C-AR,20250512,0002028351,020-34415,20241231
0002063604-25-000041,C-AR,20250512,0001806281,020-26212,20241231
0002063604-25-000040,C-AR,20250512,0001946995,020-30966,20241231
0001665160-25-001070,C/A,20250512,0002045329,020-35231,
0002063604-25-000038,C-AR,20250512,0001976354,020-32312,20241231
0002063604-25-000037,C-AR,20250512,0001981118,020-32469,20241231
0002063604-25-000036,C-AR,20250512,0001983006,020-32579,20241231
0002063604-25-000035,C-AR,20250512,0002010320,020-33641,20241231
0002063604-25-000034,C-AR,20250512,0002042949,020-35081,20241231
0002063604-25-000033,C-AR,20250512,0002029344,020-34422,20241231
0002063604-25-000032,C-AR,20250512,0002017537,020-34018,20241231
0002063604-25-000031,C-AR,20250512,0002042549,020-35080,20250512
0002030487-25-000003,C-AR,20250512,0002030487,020-34671,20241231
0002060093-25-000002,C-U,20250512,0002060093,020-35688,
0001998280-25-000002,C-W,20250512,0001998280,020-33377,
0002063604-25-000030,C,20250512,0002067652,020-35896,
0002033071-25-000001,C-AR,20250512,0002033071,020-34627,20250430
0001096906-25-000736,C-AR/A,20250512,0000889353,020-34128,20241231
0001665160-25-001063,C-U,20250512,0002042399,020-35003,
0001665160-25-001064,C-U,20250512,0001986390,020-35196,
0001670254-25-000576,C,20250512,0002065815,020-35895,
0001665160-25-001069,C-U,20250512,0001744757,020-35535,
0001665160-25-001066,C-U,20250512,0001458574,020-35380,
0001665160-25-001068,C-U,20250512,0002056160,020-35562,
0001665160-25-001067,C-U,20250512,0001860029,020-35438,
0001665160-25-001065,C-U,20250512,0002048576,020-35585,
0001665160-25-001062,C-U,20250512,0002053378,020-35531,
0001665160-25-001061,C-U,20250509,0001925116,020-35342,
0001665160-25-001060,C-U,20250509,0002044823,020-35145,
0001665160-25-001059,C-U,20250509,0002034777,020-35073,
0001665160-25-001058,C-U,20250509,0001923723,020-34663,
0001665160-25-001057,C-U,20250509,0002011843,020-34645,
0001829126-25-003529,C-AR,20250509,0001786874,020-25799,20241231
0001665160-25-001056,C-AR,20250509,0001714911,020-23543,20241231
0001670254-25-000572,C,20250509,0001866011,020-35894,
0001665160-25-001055,C-AR,20250509,0001785581,020-25741,20241231
0001062993-25-008975,C,20250509,0002065645,020-35893,
0001665160-25-001048,C-U,20250509,0002062787,020-35811,
0001665160-25-001047,C-U,20250509,0002057570,020-35780,
0001665160-25-001046,C-U,20250509,0002056041,020-35556,
0001665160-25-001044,C-U,20250509,0002063062,020-35804,
0001665160-25-001043,C-U,20250509,0002051297,020-35402,
0001665160-25-001042,C-U,20250509,0002059368,020-35672,
0001665160-25-001041,C-U,20250509,0002045356,020-35542,
0001665160-25-001040,C-U,20250509,0002065286,020-35806,
0001665160-25-001039,C-U,20250509,0002063642,020-35762,
0002063604-25-000029,C,20250509,0002066149,020-35889,
0001670254-25-000568,C,20250509,0002066941,020-35890,
0001739450-25-000003,C-AR,20250509,0001739450,020-25090,20241231
0001665160-25-001036,C-TR,20250509,0001937446,020-30557,
0001665160-25-001038,C-U,20250509,0002050438,020-35579,
0001665160-25-001037,C-U,20250509,0002040905,020-35515,
0001096906-25-000728,C-AR,20250509,0000889353,020-34128,20241231
0001670254-25-000570,C,20250509,0002063710,020-35891,
0001665160-25-001035,C-U,20250508,0001949139,020-35280,
0001665160-25-001034,C-U,20250508,0002042849,020-35033,
0001096906-25-000726,C,20250508,0002066745,020-35888,
0001665160-25-001033,C-U,20250508,0002007816,020-35386,
0001665160-25-001032,C-U,20250508,0002044891,020-35249,
0001665160-25-001031,C-U,20250508,0002025387,020-35353,
0001665160-25-001030,C-U,20250508,0001996095,020-35565,
0001665160-25-001029,C-U,20250508,0001875237,020-34995,
0001665160-25-001028,C-U,20250508,0001696967,020-35533,
0001641172-25-009237,C,20250508,0002065917,020-35887,
0002055358-25-000003,C-TR,20250508,0002055358,020-35521,
0002055358-25-000002,C-AR,20250508,0002055358,020-35521,20241231
0001669191-25-000358,C,20250508,0002067433,020-35883,
0001765330-25-000002,C-TR,20250508,0001765330,020-25337,
0001765330-25-000001,C-AR,20250508,0001765330,020-25337,20241231
0001871680-25-000008,C-AR/A,20250508,0001871680,020-34355,20241231
0001139020-25-000109,C,20250508,0002057559,020-35880,
0002021397-25-000001,C-AR,20250508,0002021397,020-34097,20250508
0001665160-25-001027,C/A,20250508,0001606242,020-35071,
0001943908-25-000002,C-TR,20250508,0001943908,020-31191,
0002063604-25-000028,C/A,20250508,0002064571,020-35844,
0001062993-25-008843,C/A,20250508,0001095130,020-35772,
0001774765-25-000009,C-TR,20250508,0001774765,020-34967,
0001774765-25-000008,C-AR,20250508,0001774765,020-34967,20250508
0001774765-25-000007,C-TR-W,20250508,0001774765,020-34967,
0001903644-25-000002,C,20250508,0001903644,020-35878,
0001140361-25-017872,C,20250508,0002067205,020-35877,
0001870874-25-000004,C/A,20250508,0002018990,020-34338,
0001062993-25-008813,C-U,20250508,0002030449,020-35496,
0001670254-25-000567,C/A,20250508,0002059521,020-35827,
0001670254-25-000565,C,20250508,0002065796,020-35875,
0001665160-25-001026,C-AR,20250508,0001997349,020-33130,20241231
0001670254-25-000564,C,20250508,0001626196,020-35874,
0002062402-25-000003,C/A,20250508,0002062402,020-35796,
0001669191-25-000354,C-U,20250507,0001998357,020-33164,
0001669191-25-000353,C-U,20250507,0002024066,020-34247,
0001669191-25-000352,C-U,20250507,0001981525,020-32482,
0001669191-25-000351,C-U,20250507,0001981111,020-32468,
0002026753-25-000002,C/A,20250507,0002026753,020-34286,
0001669191-25-000350,C-U,20250507,0001978657,020-32457,
0001669191-25-000349,C-U,20250507,0001979897,020-32459,
0001669191-25-000348,C-U,20250507,0002017342,020-33900,
0001669191-25-000347,C-U,20250507,0002009839,020-33631,
0001669191-25-000342,C-U,20250507,0002017176,020-33885,
0001669191-25-000340,C-U,20250507,0001919135,020-29958,
0001669191-25-000339,C-U,20250507,0001969722,020-32069,
0001669191-25-000338,C-U,20250507,0002013219,020-33933,
0001669191-25-000337,C-U,20250507,0002021505,020-34145,
0001774765-25-000004,C-TR,20250507,0001774765,020-34967,
0001670254-25-000563,C-AR,20250507,0001626196,020-25992,20241231
0001669191-25-000332,C-U,20250507,0002035612,020-34850,
0001669191-25-000331,C-U,20250507,0001719420,020-34879,
0001669191-25-000330,C-U,20250507,0001872445,020-29609,
0001669191-25-000329,C-U,20250507,0001718028,020-32430,
0001670254-25-000562,C-AR,20250507,0001759313,020-25217,20241231
0001669191-25-000324,C-U,20250507,0001880231,020-32277,
0001669191-25-000323,C-U,20250507,0002008454,020-35748,
0001669191-25-000322,C-U,20250507,0002021596,020-34171,
0001669191-25-000321,C-U,20250507,0002023011,020-34643,
0001665160-25-001023,C-AR,20250507,0001809554,020-27597,20241231
0001665160-25-001022,C-AR,20250507,0002041673,020-34940,20241231
0002053453-25-000005,C-U,20250507,0002053453,020-35692,
0001665160-25-001020,C/A,20250507,0001777274,020-35351,
0002034501-25-000005,C-U,20250507,0002034501,020-35611,
0001796599-25-000002,C-TR,20250507,0001796599,020-25985,
0001655808-25-000006,C-U,20250507,0001655808,020-35560,
0001655808-25-000005,C-U,20250507,0002055358,020-35521,
0001655808-25-000004,C-U,20250507,0002049538,020-35643,
0001655808-25-000003,C-U,20250507,0002050029,020-35604,
0002063604-25-000027,C,20250507,0002066685,020-35873,
0002063604-25-000026,C,20250507,0002065739,020-35872,
0002063604-25-000025,C,20250507,0002064796,020-35871,
0002063604-25-000024,C,20250507,0002065740,020-35870,
0002063604-25-000023,C,20250507,0002065738,020-35869,
0001666102-25-000026,C-U,20250507,0002019542,020-34111,
0001871680-25-000006,C-AR-W,20250507,0001871680,020-34355,20241231
0001665160-25-001018,C-U,20250507,0002039943,020-35122,
0001670254-25-000560,C-AR,20250506,0002010168,020-33664,20241231
0001669191-25-000316,C-U,20250506,0001962697,020-35059,
0001669191-25-000315,C-U,20250506,0001998308,020-33100,
0001669191-25-000314,C-U,20250506,0001991235,020-32846,
0002063604-25-000022,C,20250506,0002065736,020-35867,
0001670254-25-000558,C-AR,20250506,0001972908,020-32195,20241231
0001670254-25-000557,C-AR,20250506,0001728721,020-33092,20241231
0001665160-25-001017,C-U,20250506,0002052465,020-35450,
0001665160-25-001016,C-U,20250506,0002052465,020-35450,
0001665160-25-001015,C-U,20250506,0001943499,020-34664,
0001818804-25-000004,C-U,20250506,0002046190,020-35309,
0001818804-25-000003,C-U,20250506,0001818804,020-33461,
0001811504-25-000002,C-TR,20250506,0001811504,020-26743,
0001665160-25-001014,C-AR,20250506,0002034777,020-35073,20241231
0001665160-25-001011,C-AR,20250506,0001839030,020-27449,20241231
0001665160-25-001008,C-AR,20250506,0001343322,020-31297,20241231
0001670254-25-000556,C-U,20250506,0001817417,020-35428,
0001665160-25-001006,C-AR,20250506,0001959811,020-31625,20241231
0001665160-25-001004,C,20250506,0001706024,020-35866,
0002029197-25-000003,C/A,20250506,0002029197,020-35379,
0001665160-25-001002,C-AR,20250506,0001990703,020-32817,20241231
0002040359-25-000002,C-U,20250506,0002040359,020-35062,
0001670254-25-000555,C/A,20250506,0002040493,020-34881,
0001669191-25-000310,C,20250506,0001963969,020-35864,
0002066702-25-000001,C,20250506,0002066702,020-35862,
0001952064-25-000004,C-AR,20250506,0001952064,020-31601,20241231
0001875092-25-000004,C-TR,20250506,0001875092,020-28635,
0001670254-25-000553,C,20250506,0002032895,020-35861,
0001906867-25-000001,C-AR,20250506,0001906867,020-33249,20241231
0001665160-25-000999,C-AR,20250506,0002048576,020-35585,20241231
0001646921-25-000002,C-AR,20250505,0001646921,020-27090,20241231
0001669191-25-000305,C-U,20250505,0002032789,020-34588,
0001669191-25-000304,C-U,20250505,0002030286,020-34447,
0002017096-25-000001,C-AR,20250505,0002017096,020-34360,20241231
0002036985-25-000004,C,20250505,0002036985,020-35860,
0002025433-25-000001,C,20250505,0002025433,020-35859,
0001665160-25-000997,C-AR,20250505,0001943499,020-31002,20241231
0001213900-25-039668,C/A,20250505,0002066219,020-35853,
0001670254-25-000549,C-W,20250505,0002032895,020-34574,
0001907993-25-000003,C-TR,20250505,0001907993,020-29647,
0001907993-25-000002,C-AR,20250505,0001907993,020-29647,20241231
0002032789-25-000001,C-AR,20250505,0002032789,020-34588,20241231
0001669191-25-000300,C/A,20250505,0002046222,020-35723,
0001644600-25-000041,C-AR/A,20250505,0001944503,020-31488,20241231
0002047937-25-000001,C,20250505,0002047937,020-35858,
0001665160-25-000993,C-AR,20250505,0001879490,020-33463,20241231
0001871680-25-000002,C-AR,20250505,0001871680,020-34355,20241231
0002066043-25-000001,C,20250505,0002066043,020-35857,
0001140361-25-017232,C/A,20250505,0002061269,020-35820,
0001683168-25-003096,C-AR/A,20250505,0001954608,020-32882,20241231
0001665160-25-000991,C-AR,20250505,0002014271,020-33780,20241231
0001665160-25-000990,C-AR,20250505,0001875242,020-28506,20241231
0001644600-25-000040,C,20250505,0001960068,020-35855,
0001670254-25-000542,C,20250505,0001836721,020-35856,
0001575872-25-000314,C-TR,20250502,0001603707,020-25659,
0001644600-25-000039,C,20250502,0002008780,020-35854,
0001665160-25-000988,C-AR,20250502,0001582558,020-32119,20241231
0001665160-25-000986,C-AR,20250502,0002030743,020-34492,20241231
0001853832-25-000002,C-AR,20250502,0001853832,020-29646,20241231
0001665160-25-000985,C-AR,20250502,0001986390,020-35196,20241231
0001665160-25-000983,C-U,20250502,0002047112,020-35526,
0001665160-25-000982,C-U,20250502,0002056617,020-35663,
0001665160-25-000981,C-U,20250502,0002053401,020-35493,
0001665160-25-000980,C-U,20250502,0001982201,020-34315,
0001665160-25-000979,C-U,20250502,0002009327,020-35644,
0001665160-25-000978,C-U,20250502,0002045020,020-35162,
0001665160-25-000977,C-U,20250502,0001739997,020-34717,
0001213900-25-039119,C,20250502,0002066219,020-35853,
0001665160-25-000976,C-U,20250502,0001959811,020-33408,
0001665160-25-000975,C-U,20250502,0001774677,020-35247,
0001665160-25-000974,C-U,20250502,0001809554,020-34680,
0002027143-25-000001,C-AR,20250502,0002027143,020-34404,20241231
0001714989-25-000001,C-TR,20250502,0001714989,020-29229,
0001665160-25-000973,C-AR,20250502,0001923723,020-30323,20241231
0001910990-25-000002,C-AR,20250502,0001910990,020-29694,20241231
0001665160-25-000970,C-AR,20250502,0001943908,020-31191,20241231
0001665160-25-000969,C-AR,20250502,0001746353,020-31775,20241231
0001942766-25-000002,C-W,20250502,0001942766,020-35200,
0001670254-25-000540,C-U,20250502,0001959002,020-34900,
0001665160-25-000965,C-AR,20250502,0001940366,020-30729,20241231
0001665160-25-000964,C-TR,20250502,0001935429,020-30523,
0001961439-25-000006,C-TR,20250502,0001961439,020-31846,
0001961439-25-000004,C-AR,20250502,0001961439,020-31846,20231231
0001961439-25-000002,C-AR,20250502,0001961439,020-31846,20241231
0001096906-25-000668,C/A,20250502,0001972942,020-35847,
0002030421-25-000001,C-AR,20250502,0002030421,020-34521,20241231
0001926863-25-000004,C-AR/A,20250502,0001926863,020-30189,20250502
0001665160-25-000963,C-AR,20250502,0001889418,020-29077,20241231
0002039845-25-000003,C-U,20250502,0001942787,020-30899,
0001963747-25-000004,C/A,20250502,0001963747,020-35773,
0002039845-25-000002,C-U,20250502,0002039845,020-35129,
0001665160-25-000961,C-AR,20250502,0002039943,020-35122,20241231
0001665160-25-000959,C-AR,20250502,0002019438,020-34038,20241231
0001665160-25-000957,C-AR,20250502,0001818804,020-26734,20241231
0001670254-25-000538,C/A,20250502,0002044187,020-35516,
0002038986-25-000003,C-U,20250502,0002038986,020-35424,
0002035902-25-000003,C-W,20250502,0002035902,020-35172,
0001963716-25-000003,C-AR,20250502,0001963716,020-31704,20241231
0001665160-25-000955,C-AR,20250502,0001932193,020-34040,20241231
0001213900-25-038610,C-AR,20250502,0001716191,020-32866,20250501
0001665160-25-000953,C-AR,20250502,0002032373,020-35026,20241231
0001644600-25-000038,C,20250502,0001687316,020-35849,
0001665160-25-000951,C-AR,20250501,0001824937,020-26986,20241231
0001665160-25-000948,C-AR,20250501,0002041605,020-35163,20241231
0001665160-25-000946,C-AR,20250501,0002040104,020-34959,20241231
0001829126-25-003273,C,20250501,0002066391,020-35848,
0001665160-25-000944,C-AR,20250501,0002013852,020-33950,20241231
0001096906-25-000662,C,20250501,0001972942,020-35847,
0001665160-25-000941,C-AR,20250501,0001901331,020-29439,20241231
0001932835-25-000001,C-AR,20250501,0001932835,020-30808,20241231
0001644600-25-000037,C-AR,20250501,0001687316,020-24706,20241231
0001926863-25-000003,C/A,20250501,0001926863,020-34374,
0001755802-25-000002,C-AR,20250501,0001755802,020-24800,20241231
0001665160-25-000936,C-AR,20250501,0002009327,020-33634,20241231
0001665160-25-000934,C-AR,20250501,0002021661,020-34187,20241231
0001665160-25-000932,C-AR,20250501,0001885037,020-31006,20241231
0001665160-25-000931,C-AR,20250501,0001883555,020-30194,20241231
0001665160-25-000930,C-TR,20250501,0001929121,020-30303,
0002045046-25-000004,C/A,20250501,0002045046,020-35658,
0001665160-25-000929,C-AR,20250501,0001982921,020-32690,20241231
0001920741-25-000001,C-AR,20250501,0001920741,020-30157,20241231
0001665160-25-000927,C-AR,20250501,0001833612,020-27457,20241231
0001665160-25-000925,C-TR,20250501,0001966986,020-31917,
0001665160-25-000923,C-AR,20250501,0001947217,020-30956,20241231
0001665160-25-000921,C-AR,20250501,0001775538,020-25640,20241231
0002063604-25-000021,C,20250501,0002064571,020-35844,
0001670254-25-000537,C/A,20250501,0002059521,020-35827,
0001665160-25-000919,C/A,20250501,0002063642,020-35762,
0002063604-25-000020,C/A,20250501,0001727750,020-35801,
0001994991-25-000001,C-AR,20250501,0001994991,020-33073,20241231
0001665160-25-000918,C-AR,20250501,0001706024,020-23365,20241231
0002000727-25-000001,C-AR,20250501,0002000727,020-33261,20241231
0002066072-25-000001,C,20250501,0002066072,020-35843,
0001861670-25-000002,C-AR,20250501,0001861670,020-28090,20241231
0001665160-25-000914,C-AR,20250501,0001978366,020-32380,20241231
0002063604-25-000019,C-AR,20250501,0002044659,020-35105,20241231
0002063604-25-000018,C-AR,20250501,0001996240,020-33013,20241231
0001477932-25-003186,C-AR/A,20250501,0001819702,020-26766,20241231
0001062993-25-008270,C-TR,20250501,0001945032,020-31060,
0001062993-25-008268,C-AR,20250501,0002012869,020-33891,20241231
0001585132-25-000002,C-AR,20250501,0001585132,020-34788,20250430
0001670254-25-000532,C-AR,20250501,0001800968,020-26081,20241231
0001213900-25-037877,C-TR,20250501,0002023685,020-34212,
0001683168-25-003012,C-AR,20250501,0001954608,020-32882,20250430
0001670254-25-000536,C/A,20250501,0002055878,020-35654,
0001062993-25-008260,C-AR,20250501,0001945032,020-31060,20241231
0001797918-25-000001,C-AR,20250501,0001797918,020-29741,20250430
0001213900-25-037861,C-AR,20250501,0002023685,020-34212,20241231
0001670254-25-000534,C/A,20250501,0001891649,020-35799,
0001837613-25-000002,C-AR,20250501,0001837613,020-28444,20241231
0001213900-25-037863,C-AR,20250501,0001657493,020-26384,20250430
0001926863-25-000002,C-AR,20250501,0001926863,020-30189,20250430
0001665160-25-000907,C-AR,20250501,0001789047,020-33038,20241231
0001213900-25-037867,C-TR,20250501,0001980120,020-32665,
0001665160-25-000909,C-AR,20250501,0001929501,020-30378,20241231
0001213900-25-037920,C-AR,20250501,0002014861,020-33789,20241231
0001062993-25-008262,C-AR,20250501,0001852657,020-28441,20241231
0001665160-25-000910,C-AR,20250501,0001670450,020-23304,20241231
0001665160-25-000912,C-AR,20250501,0001815192,020-26572,20241231
0001670254-25-000535,C/A,20250501,0002007530,020-33679,
0001213900-25-037938,C-AR,20250501,0001952082,020-34711,20241231
0001853832-25-000001,C-AR,20250501,0001853832,020-29646,20231231
0002043486-25-000002,C/A,20250501,0002043486,020-35437,
0001062993-25-008264,C-AR,20250501,0001674153,020-25587,20241231
0001665160-25-000903,C-AR,20250501,0002051563,020-35502,20241231
0001641172-25-007919,C-AR,20250501,0001830166,020-27164,20250430
0001391267-25-000003,C-AR,20250501,0001391267,020-31183,20241231
0002008595-25-000002,C-AR,20250501,0002008595,020-33705,20241231
0001670254-25-000528,C/A,20250501,0001654283,020-33926,
0001787792-25-000004,C-AR,20250501,0001787792,020-25712,20241231
0001670254-25-000529,C/A,20250501,0002047291,020-35253,
0002007865-25-000001,C-AR,20250501,0002007865,020-33840,20241231
0001976638-25-000003,C-AR,20250501,0001976638,020-32289,20241231
0002034524-25-000001,C-AR,20250501,0002034524,020-34925,20241231
0002049538-25-000002,C-AR,20250501,0002049538,020-35643,20241231
0001104659-25-042744,C-AR,20250501,0001948667,020-34905,20241231
0002020731-25-000004,C-AR,20250501,0002020731,020-34353,20241231
0001670254-25-000531,C/A,20250501,0002042544,020-35618,
0001821982-25-000007,C/A,20250501,0002050934,020-35388,
0001641172-25-007915,C-AR/A,20250430,0001867925,020-33964,20241231
0001665160-25-000902,C/A,20250430,0002051563,020-35502,
0001985093-25-000002,C-AR,20250430,0001985093,020-32965,20241231
0001477932-25-003168,C-AR,20250430,0001819702,020-26766,20241231
0001644600-25-000036,C-AR,20250430,0002008780,020-33854,20241231
0001683168-25-003009,C-AR,20250430,0001748169,020-24525,20241231
0001665160-25-000901,C-AR,20250430,0002042114,020-34997,20241231
0002063604-25-000017,C-AR,20250430,0001984949,020-33176,20241231
0001644600-25-000035,C-AR,20250430,0001944503,020-31488,20241231
0002063604-25-000016,C-AR,20250430,0001996329,020-33036,20241231
0002063604-25-000014,C-AR,20250430,0002009726,020-33545,20241231
0001665160-25-000898,C-AR,20250430,0001835501,020-27407,20241231
0001622824-25-000001,C-AR,20250430,0001622824,020-27299,20241231
0002018221-25-000001,C-AR,20250430,0002018221,020-33974,20250430
0001738836-25-000001,C-AR,20250430,0001738836,020-26516,20241231
0002051960-25-000002,C-AR,20250430,0002051960,020-35566,20241231
0001665160-25-000894,C-AR,20250430,0001436343,020-31287,20241231
0001665160-25-000892,C-AR,20250430,0002033731,020-34679,20241231
0001907870-25-000001,C-AR,20250430,0001907870,020-29636,20241231
0001665160-25-000891,C/A,20250430,0002033731,020-35778,
0002032099-25-000003,C-AR,20250430,0002025112,020-34321,20241231
0001793782-25-000001,C-AR,20250430,0001793782,020-27725,20250430
0001641172-25-007793,C-AR,20250430,0001867925,020-33964,20161214
0002032099-25-000002,C-AR,20250430,0002021387,020-34099,20241231
0002020332-25-000002,C-AR,20250430,0002020332,020-34357,20241231
0002032099-25-000001,C-AR,20250430,0002032099,020-34629,20241231
0001666102-25-000025,C-AR,20250430,0002043087,020-35020,20241231
0001665160-25-000889,C-AR,20250430,0001928381,020-30339,20241231
0001644600-25-000034,C-AR,20250430,0001674163,020-22837,20241231
0001670254-25-000527,C/A,20250430,0001808819,020-35417,
0001376474-25-000419,C-AR,20250430,0001525852,020-30672,20241231
0001644600-25-000033,C-AR,20250430,0001833314,020-27354,20241231
0001669191-25-000298,C-AR,20250430,0002026360,020-34336,20241231
0001666102-25-000024,C/A,20250430,0002043087,020-35020,
0002012810-25-000003,C-AR,20250430,0002012810,020-34281,20241231
0001670254-25-000524,C/A,20250430,0002011508,020-33650,
0001670254-25-000525,C-AR,20250430,0001807577,020-26291,20241231
0001746397-25-000001,C-AR,20250430,0001746397,020-24502,20241231
0001670254-25-000523,C/A,20250430,0001817417,020-35428,
0001665160-25-000888,C-AR,20250430,0001871756,020-28421,20231231
0001952616-25-000004,C-AR,20250430,0001952616,020-31519,20241231
0001644600-25-000032,C/A,20250430,0001674163,020-35607,
0002004428-25-000002,C-TR,20250430,0002004428,020-33477,
0002063878-25-000001,C,20250430,0002063878,020-35842,
0001835500-25-000004,C-AR/A,20250430,0001835500,020-27386,20241231
0002004428-25-000001,C-AR,20250430,0002004428,020-33477,20241231
0001644600-25-000031,C-AR,20250430,0001897152,020-29429,20241231
0001737022-25-000002,C-AR,20250430,0001737022,020-33716,20241231
0001104659-25-042410,C-AR,20250430,0001588504,020-30696,20241231
0001818274-25-000016,C/A,20250430,0001818274,020-27156,
0002024796-25-000004,C-AR,20250430,0002022754,020-34095,20241231
0001665160-25-000885,C-AR,20250430,0001889197,020-29584,20241231
0001665160-25-000883,C-AR,20250430,0001791683,020-25949,20241231
0002063604-25-000013,C/A,20250430,0001727750,020-35801,
0002024796-25-000003,C-AR,20250430,0002028830,020-34420,20241231
0001665160-25-000880,C-AR,20250430,0001582617,020-30547,20241231
0001670254-25-000519,C/A,20250430,0002048759,020-35328,
0001666102-25-000023,C/A,20250430,0002023569,020-34438,
0002024796-25-000002,C-AR,20250430,0002036900,020-34811,20241231
0001670254-25-000518,C/A,20250430,0001893890,020-35138,
0001214659-25-006670,C-AR,20250430,0001893768,020-29238,20241231
0001811504-25-000001,C-AR,20250430,0001811504,020-26743,20241231
0002024796-25-000001,C-AR,20250430,0002024796,020-34218,20241231
0001213900-25-037473,C-U,20250430,0001666025,020-34590,
0001960816-25-000004,C-AR,20250430,0001977299,020-32335,20241231
0001665160-25-000878,C/A,20250430,0002058865,020-35649,
0002019120-25-000001,C-AR,20250430,0002019120,020-34079,20241231
0001670254-25-000517,C/A,20250430,0001868497,020-35027,
0001665160-25-000876,C-AR,20250430,0001967269,020-31921,20241231
0001665160-25-000874,C-AR,20250430,0001936666,020-35557,20241231
0001670254-25-000515,C/A,20250430,0001811959,020-35019,
0001644600-25-000030,C-AR,20250430,0001687316,020-24706,20231231
0002063604-25-000012,C-AR,20250430,0002033114,020-34580,20250430
0001960816-25-000003,C-AR,20250430,0001826308,020-26977,20241231
0001959407-25-000002,C-AR,20250430,0001959407,020-32172,20241231
0001665160-25-000871,C-AR,20250430,0001774677,020-35247,20241231
0002063604-25-000011,C-AR,20250430,0001848743,020-27759,20241231
0001670254-25-000514,C/A,20250430,0001920988,020-35117,
0001818274-25-000015,C/A,20250430,0001840495,020-35250,
0001683892-25-000003,C-AR,20250430,0001683892,020-33978,20241231
0001669191-25-000297,C-AR,20250430,0002008025,020-33549,20241231
0001665160-25-000869,C/A,20250430,0002051297,020-35402,
0001960816-25-000002,C-AR,20250430,0001960816,020-31644,20241231
0002049148-25-000002,C-U,20250430,0002049148,020-35511,
0002010670-25-000006,C/A,20250430,0002010670,020-34769,
0002010670-25-000004,C/A,20250430,0002010670,020-35295,
0001947821-25-000002,C-AR,20250430,0001947821,020-31718,20241231
0002034034-25-000001,C-U,20250430,0002034034,020-34826,
0001665160-25-000868,C-AR,20250430,0002003387,020-33413,20241231
0001818274-25-000013,C/A,20250430,0001840495,020-35250,
0001670254-25-000513,C/A,20250430,0002051960,020-35566,
0001760404-25-000004,C-AR,20250430,0001760404,020-34703,20241231
0001669191-25-000296,C-AR,20250430,0001994911,020-33659,20241231
0001666102-25-000022,C-AR,20250430,0002025207,020-34424,20241231
0001665160-25-000866,C-AR,20250430,0002030078,020-34519,20241231
0001666102-25-000021,C/A,20250430,0002025207,020-34424,
0002063604-25-000010,C-AR,20250430,0002011653,020-34500,20241231
0001665160-25-000864,C-AR,20250430,0001743748,020-33877,20241231
0001665160-25-000863,C-AR,20250430,0001906619,020-35363,20241231
0002063604-25-000009,C-AR,20250430,0001989416,020-33505,20241231
0001665160-25-000862,C/A,20250430,0001906619,020-35363,
0001896461-25-000003,C-TR,20250430,0001896461,020-29407,
0001818274-25-000012,C-AR,20250430,0001840495,020-27470,20241231
0001979363-25-000010,C-AR,20250430,0002031130,020-34483,20241231
0001896461-25-000002,C-AR,20250430,0001896461,020-29407,20241231
0001669191-25-000295,C-AR,20250430,0002013160,020-33734,20241231
0001666102-25-000020,C-AR,20250430,0002023569,020-34438,20241231
0001979363-25-000009,C-AR,20250430,0002038714,020-34828,20241231
0001665160-25-000861,C/A,20250430,0001779131,020-35395,
0001665160-25-000860,C-AR,20250430,0001779131,020-35395,20241231
0001670254-25-000511,C/A,20250430,0002057921,020-35601,
0001666102-25-000019,C/A,20250430,0002023569,020-34438,
0001979363-25-000008,C-AR,20250430,0002023057,020-34113,20241231
0001922137-25-000002,C-AR,20250430,0001922137,020-35237,20241231
0001665160-25-000859,C-AR,20250430,0002002943,020-34259,20241231
0002063604-25-000008,C-AR,20250430,0001984159,020-32675,20241231
0001665160-25-000857,C/A,20250430,0002002943,020-35377,
0002063604-25-000007,C-AR,20250430,0001888708,020-28997,20241231
0002030117-25-000003,C-TR,20250430,0002030117,020-34825,
0001665160-25-000856,C-AR,20250430,0001882693,020-35187,20241231
0001665160-25-000854,C/A,20250430,0001882693,020-35187,
0002030117-25-000002,C-AR,20250430,0002030117,020-34825,20241231
0001818274-25-000010,C/A,20250430,0002032977,020-34557,
0001096906-25-000634,C-AR,20250430,0001998740,020-33156,20241231
0002034501-25-000004,C-AR,20250430,0002034501,020-34649,20241231
0001979363-25-000007,C-AR,20250430,0001995888,020-33000,20241231
0001670254-25-000509,C-AR,20250430,0002012410,020-34303,20241231
0001665160-25-000850,C,20250430,0002063609,020-35841,
0002030174-25-000001,C-AR,20250430,0002030174,020-34528,20241231
0001979363-25-000006,C-AR,20250430,0002024372,020-34177,20241231
0002038986-25-000002,C-AR,20250430,0002038986,020-35424,20241231
0001979363-25-000005,C-AR,20250430,0002034790,020-34676,20241231
0001818274-25-000009,C-AR,20250430,0002039395,020-35365,20241231
0001670254-25-000508,C-AR,20250430,0002002173,020-33348,20241231
0001979363-25-000004,C-AR,20250430,0002025753,020-34248,20241231
0001952064-25-000003,C/A,20250430,0001952064,020-31601,
0001979363-25-000002,C-AR,20250430,0001982185,020-32515,20241231
0001818274-25-000008,C-AR,20250430,0001818274,020-27156,20241231
0001062993-25-008239,C-AR,20250430,0002032221,020-34635,20241231
0001979363-25-000001,C-AR,20250430,0001979363,020-32451,20241231
0001670254-25-000507,C-AR,20250430,0001708246,020-26130,20241231
0001062993-25-008238,C/A,20250430,0001966710,020-35498,
0001062993-25-008236,C-TR,20250430,0001963859,020-31976,
0001062993-25-008233,C-AR,20250430,0001966710,020-33508,20241231
0001670254-25-000505,C-AR,20250430,0001807925,020-33149,20241231
0002008188-25-000002,C/A,20250430,0002008188,020-34569,
0001062993-25-008228,C-AR,20250430,0001963859,020-31976,20241231
0001760855-25-000004,C-AR,20250430,0001760855,020-32974,20250429
0001666102-25-000018,C-AR,20250430,0001817727,020-26631,20241231
0001690888-25-000001,C-AR,20250430,0001690888,020-23116,20241231
0001666102-25-000017,C/A,20250430,0001817727,020-34999,
0001062993-25-008222,C-AR,20250430,0001870766,020-29648,20241231
0001665160-25-000846,C-AR,20250430,0001419208,020-30881,20241231
0001641172-25-006778,C-AR,20250430,0002019817,020-34118,20250430
0001665160-25-000844,C-AR,20250430,0002038981,020-34855,20241231
0001665160-25-000842,C-AR,20250430,0002030449,020-34513,20241231
0001665160-25-000840,C-AR,20250430,0001421744,020-25262,20241231
0001665160-25-000838,C-AR,20250430,0002033836,020-34622,20241231
0002022667-25-000002,C-AR,20250430,0002022667,020-34475,20241231
0001670254-25-000501,C/A,20250430,0001836735,020-32794,
0001683168-25-002959,C-W,20250430,0002014067,020-34891,
0001213900-25-037004,C-AR,20250430,0001794805,020-31739,20241231
0002049499-25-000003,C/A,20250430,0002049499,020-35427,
0001670254-25-000504,C/A,20250430,0002018863,020-33975,
0001986159-25-000003,C-AR,20250430,0002001572,020-33247,20241231
0002046190-25-000002,C-AR,20250430,0002046190,020-35309,20250429
0001641172-25-006742,C/A,20250430,0001867925,020-35632,
0001670254-25-000499,C-AR,20250430,0001836735,020-32794,20241231
0001665160-25-000835,C-AR,20250430,0002045329,020-35231,20241231
0001670254-25-000494,C-AR,20250430,0001979807,020-32564,20241231
0001844202-25-000003,C-TR,20250430,0001844202,020-27608,
0001670254-25-000496,C/A,20250430,0001953831,020-33764,
0001670254-25-000497,C,20250430,0001997004,020-35839,
0001844202-25-000002,C-AR/A,20250430,0001844202,020-27608,20231231
0001670254-25-000491,C/A,20250430,0001943495,020-34382,
0001670254-25-000492,C,20250430,0002066186,020-35838,
0001986159-25-000001,C-AR,20250430,0001986159,020-32647,20241231
0001665160-25-000836,C/A,20250430,0002045329,020-35231,
0001989245-25-000001,C-AR,20250430,0001989245,020-32750,20241231
0001665160-25-000834,C-U,20250429,0002056658,020-35600,
0002045384-25-000001,C-AR,20250429,0002045384,020-35193,20250429
0001213900-25-036907,C/A,20250429,0001972234,020-32901,
0001669191-25-000294,C-U,20250429,0002034524,020-34925,
0001669191-25-000293,C-U,20250429,0002035965,020-34977,
0001644600-25-000029,C-AR,20250429,0001933967,020-30355,20241231
0001665160-25-000833,C-AR,20250429,0002052600,020-35465,20241231
0001665160-25-000832,C/A,20250429,0002052600,020-35465,
0001670254-25-000490,C-AR,20250429,0001994585,020-33152,20241231
0001796599-25-000001,C-AR,20250429,0001796599,020-25985,20241231
0001896296-25-000003,C-AR,20250429,0001896296,020-29421,20250429
0001670254-25-000489,C/A,20250429,0001978355,020-34755,
0001828718-25-000002,C-AR,20250429,0001828718,020-27176,20241231
0001669191-25-000290,C/A,20250429,0001760855,020-32974,
0001760855-25-000003,C-TR-W,20250429,0001760855,020-32974,
0001644600-25-000028,C-AR,20250429,0001826213,020-27132,20241231
0001670254-25-000488,C/A,20250429,0002032862,020-34615,
0001665160-25-000831,C/A,20250429,0002047887,020-35322,
0001665160-25-000830,C-AR,20250429,0002047887,020-35322,20241231
0002020502-25-000002,C-TR,20250429,0002020502,020-34005,
0002020502-25-000001,C-AR,20250429,0002020502,020-34005,20241231
0001665160-25-000829,C-AR,20250429,0002052774,020-35436,20241231
0001665160-25-000828,C/A,20250429,0002052774,020-35436,
0001641172-25-006637,C-AR,20250429,0001721305,020-23828,20241231
0001665160-25-000827,C-AR,20250429,0001859835,020-28067,20241231
0001665160-25-000826,C/A,20250429,0001859835,020-35017,
0002004530-25-000001,C-AR,20250429,0002004530,020-33952,20241231
0001665160-25-000825,C-AR,20250429,0001655749,020-33582,20241231
0001665160-25-000823,C/A,20250429,0002045378,020-35185,
0001665160-25-000822,C-AR,20250429,0002045378,020-35185,20241231
0001665160-25-000820,C-AR,20250429,0001759211,020-31135,20241231
0001670254-25-000484,C-AR,20250429,0001957134,020-32297,20241231
0001665160-25-000818,C-AR,20250429,0001920939,020-30002,20241231
0001665160-25-000816,C-AR,20250429,0001996095,020-35565,20241231
0001665160-25-000814,C-AR,20250429,0002044995,020-35164,20241231
0001665160-25-000813,C/A,20250429,0002044995,020-35164,
0001644600-25-000027,C/A,20250429,0001933967,020-34712,
0001665160-25-000812,C-AR,20250429,0001764003,020-35767,20241231
0001665160-25-000811,C/A,20250429,0001764003,020-35767,
0001669191-25-000286,C/A,20250429,0001955728,020-35674,
0001665160-25-000809,C-AR,20250429,0002043285,020-35039,20241231
0001665160-25-000808,C/A,20250429,0002043285,020-35039,
0001941204-25-000001,C-AR,20250429,0001941204,020-30697,20241231
0001665160-25-000806,C-AR,20250429,0001778032,020-33653,20241231
0001665160-25-000805,C/A,20250429,0001778032,020-35236,
0001670254-25-000482,C/A,20250429,0002011502,020-33825,
0001670254-25-000481,C/A,20250429,0002053629,020-35499,
0001974874-25-000003,C-TR,20250429,0001974874,020-33175,
0001139020-25-000090,C-AR,20250429,0002011047,020-33851,20241231
0001139020-25-000088,C-AR,20250429,0001979812,020-32663,20241231
0002036963-25-000002,C-AR,20250429,0002027032,020-34305,20241231
0002036963-25-000001,C-AR,20250429,0002036963,020-34756,20241231
0001974874-25-000001,C-AR,20250429,0001974874,020-33175,20241231
0001555127-25-000005,C-AR,20250429,0001555127,020-26416,20241231
0002024060-25-000003,C/A,20250429,0002024060,020-34198,
0001670254-25-000479,C-TR,20250429,0001993921,020-32936,
0002028792-25-000003,C/A,20250429,0002028792,020-34861,
0001665160-25-000803,C-AR,20250429,0001997094,020-34691,20241231
0001096906-25-000619,C/A,20250429,0002030392,020-34563,
0001555127-25-000004,C/A,20250429,0001555127,020-35753,
0001665160-25-000800,C-AR,20250429,0002014040,020-33798,20241231
0001096906-25-000616,C-AR,20250429,0001767862,020-25250,20241231
0001641172-25-006618,C-AR,20250429,0001745249,020-24451,20241231
0001939505-25-000002,C-TR,20250429,0001939505,020-30602,
0002028792-25-000002,C/A,20250429,0002028792,020-34861,
0001062993-25-008158,C-AR,20250429,0001920223,020-29967,20241231
0001972057-25-000002,C-AR,20250429,0002021531,020-34082,20241231
0001670254-25-000475,C-AR,20250429,0001984506,020-32606,20241231
0001866542-25-000005,C-TR,20250429,0001866542,020-28323,
0001666102-25-000016,C-AR,20250429,0002017534,020-34516,20241231
0001666102-25-000015,C/A,20250429,0002017534,020-34516,
0001634025-25-000001,C-AR,20250429,0001634025,020-26408,20241231
0001972057-25-000001,C-AR,20250429,0001972057,020-32134,20241231
0001939505-25-000001,C-AR,20250429,0001939505,020-30602,20241231
0001666102-25-000014,C-AR,20250429,0001869822,020-32363,20241231
0001670254-25-000474,C/A,20250429,0001825224,020-34287,
0001866542-25-000003,C-AR,20250429,0001866542,020-28323,20241231
0001979102-25-000002,C-AR,20250429,0001979102,020-32518,20250429
0001666102-25-000013,C/A,20250429,0001869822,020-34402,
0002063604-25-000006,C,20250429,0002066042,020-35837,
0001062993-25-008152,C-TR,20250429,0001978238,020-32443,
0001665160-25-000797,C-AR,20250429,0001992986,020-33009,20241231
0001991258-25-000003,C-AR,20250429,0001991258,020-33031,20241231
0001665160-25-000795,C-AR,20250429,0002023016,020-34168,20241231
0001062993-25-008146,C/A,20250429,0002032221,020-34635,
0001669191-25-000284,C/A,20250429,0002052671,020-35422,
0001670254-25-000472,C/A,20250429,0001972891,020-34530,
0001062993-25-008143,C-AR,20250429,0001978238,020-32443,20241231
0002013107-25-000002,C-AR,20250429,0002013107,020-33767,20241231
0001665160-25-000792,C,20250429,0001900590,020-35836,
0001670254-25-000471,C-AR,20250429,0002011454,020-33786,20241231
0001099910-25-000138,C-AR,20250429,0001804181,020-32325,20241231
0001829126-25-003016,C,20250429,0002064697,020-35834,
0001670254-25-000469,C/A,20250429,0002031997,020-34666,
0001670254-25-000467,C/A,20250429,0001647116,020-35743,
0001665160-25-000789,C-AR,20250429,0002051498,020-35469,20241231
0001670254-25-000464,C,20250429,0002056209,020-35832,
0001665160-25-000790,C-TR,20250429,0001666308,020-29520,
0001670254-25-000463,C/A,20250429,0001989089,020-33493,
0001781973-25-000001,C-AR,20250429,0001781973,020-26939,20241231
0002065594-25-000001,C,20250428,0002065594,020-35831,
0001213900-25-036185,C-AR,20250428,0001972234,020-32164,20241231
0001670254-25-000461,C-AR,20250428,0002026931,020-34491,20241231
0001669191-25-000281,C/A,20250428,0001621902,020-33570,
0001665160-25-000788,C-AR,20250428,0001971963,020-32235,20241231
0001665160-25-000787,C/A,20250428,0001971963,020-35595,
0001670254-25-000460,C-AR,20250428,0002023635,020-34139,20241231
0001670254-25-000459,C-U,20250428,0002023635,020-34139,
0001510171-25-000003,C-AR,20250428,0001510171,020-34361,20241231
0001726003-25-000001,C-AR,20250428,0001726003,020-29090,20241231
0001665160-25-000786,C-AR,20250428,0002042791,020-35063,20241231
0001665160-25-000785,C/A,20250428,0002042791,020-35063,
0001670254-25-000456,C-AR,20250428,0001812832,020-26454,20241231
0001670254-25-000454,C/A,20250428,0001927507,020-34143,
0001670254-25-000452,C-AR,20250428,0001984503,020-32638,20241231
0001665160-25-000783,C/A,20250428,0001822078,020-34534,
0001665160-25-000782,C-AR,20250428,0001822078,020-26798,20241231
0001665160-25-000780,C-AR,20250428,0001488790,020-34933,20241231
0001670254-25-000450,C/A,20250428,0001961710,020-35315,
0002014005-25-000001,C-AR,20250428,0002014005,020-33963,20241231
0001670254-25-000449,C/A,20250428,0002052187,020-35433,
0002033917-25-000001,C-AR,20250428,0002033917,020-34657,20241231
0001959002-25-000002,C-AR,20250428,0001959002,020-34900,20241231
0001670254-25-000448,C-AR,20250428,0001817417,020-26619,20241231
0002063604-25-000005,C-AR,20250428,0001615727,020-26811,20241231
0001735613-25-000001,C-AR,20250428,0001735613,020-26398,20241231
0001835500-25-000003,C-AR/A,20250428,0001835500,020-27386,20241231
0001903644-25-000001,C-AR,20250428,0001903644,020-33020,20241231
0001665160-25-000778,C/A,20250428,0002060530,020-35694,
0001666102-25-000012,C-AR,20250428,0002019755,020-34114,20241231
0001670254-25-000446,C-AR,20250428,0002005110,020-33391,20241231
0001666102-25-000011,C/A,20250428,0002019755,020-34114,
0002060792-25-000004,C/A,20250428,0002060792,020-35715,
0002019088-25-000004,C/A,20250428,0002019088,020-35150,
0001881536-25-000002,C-AR,20250428,0001881536,020-28735,20241231
0001760855-25-000002,C-TR,20250428,0001760855,020-32974,
0001670254-25-000441,C,20250428,0002056167,020-35829,
0001670254-25-000440,C,20250428,0001634025,020-35828,
0001670254-25-000443,C-W,20250428,0002056167,020-35829,
0001726537-25-000001,C-TR,20250428,0001726537,020-23945,
0001670254-25-000442,C/A,20250428,0002056167,020-35577,
0001670254-25-000444,C/A,20250428,0002051863,020-35605,
0001670254-25-000445,C/A,20250428,0002043663,020-35232,
0002012683-25-000005,C-AR/A,20250428,0002012683,020-33756,20241231
0001670254-25-000435,C-AR,20250425,0001936933,020-31058,20241231
0001670254-25-000434,C-AR,20250425,0002022950,020-34103,20241231
0001777982-25-000003,C/A,20250425,0001777982,020-35720,
0001062993-25-007991,C/A,20250425,0002058322,020-35610,
0001958043-25-000001,C-TR,20250425,0001947187,020-31007,
0001670254-25-000433,C-AR,20250425,0001971259,020-34210,20241231
0001670254-25-000431,C/A,20250425,0002063997,020-35757,
0001835500-25-000002,C-AR,20250425,0001835500,020-29418,20241231
0001978309-25-000003,C/A,20250425,0001978309,020-35625,
0001665160-25-000772,C-AR,20250425,0001877022,020-28623,20241231
0001973591-25-000008,C-TR,20250425,0001973591,020-32646,
0001670254-25-000429,C,20250425,0002059521,020-35827,
0001973591-25-000007,C-AR,20250425,0001973591,020-32646,20241231
0001973591-25-000006,C-TR-W,20250425,0001973591,020-32646,
0001665160-25-000769,C-AR,20250425,0001559745,020-32930,20241231
0001670254-25-000428,C-AR,20250425,0001764417,020-33929,20241231
0001670254-25-000427,C-AR,20250425,0001806335,020-28443,20241231
0001849552-25-000003,C-TR,20250425,0001849552,020-34771,
0001691595-25-000002,C-AR,20250425,0001691595,020-34102,20241231
0001665160-25-000767,C-AR,20250425,0002056316,020-35584,20241231
0001849552-25-000002,C-AR,20250425,0001849552,020-34771,20241231
0001533704-25-000001,C-AR,20250425,0001533704,020-33916,20241231
0001670254-25-000426,C-AR,20250425,0001991264,020-32920,20241231
0001644600-25-000026,C/A-W,20250425,0001933967,020-34712,
0001670254-25-000424,C-AR,20250425,0001893943,020-31599,20241231
0002008640-25-000003,C-TR,20250425,0002008640,020-35262,
0001670254-25-000422,C/A,20250425,0002011454,020-34662,
0002008640-25-000002,C-AR,20250425,0002008640,020-35262,20241231
0001062993-25-007968,C-U,20250425,0001963859,020-35099,
0001819194-25-000001,C-W,20250425,0001819194,020-35332,
0001644600-25-000025,C/A,20250425,0001933967,020-34712,
0001062993-25-007964,C/A,20250425,0001875534,020-35218,
0001099910-25-000135,C-AR,20250425,0001969120,020-31981,20231231
0001644600-25-000024,C-U,20250425,0001687316,020-33082,
0001213900-25-035237,C-TR,20250425,0001931678,020-30313,
0001670254-25-000419,C,20250425,0002065431,020-35826,
0001993580-25-000001,C-AR,20250425,0001993580,020-33154,20250424
0001096906-25-000583,C-AR,20250425,0001812444,020-26441,20241231
0001670254-25-000418,C/A,20250425,0002042609,020-35050,
0001213900-25-035172,C-AR,20250425,0001931678,020-30313,20241231
0001017386-25-000056,C-AR,20250424,0000717588,020-28817,20241231
0001670254-25-000417,C/A,20250424,0001964418,020-34798,
0001670254-25-000416,C/A,20250424,0001952625,020-33765,
0001665160-25-000765,C-AR,20250424,0002058306,020-35713,20241231
0001665160-25-000763,C/A,20250424,0002058306,020-35713,
0001641172-25-006014,C,20250424,0002065709,020-35825,
0002063604-25-000004,C,20250424,0002065667,020-35823,
0001670254-25-000415,C-AR,20250424,0001802249,020-29297,20241231
0001670254-25-000414,C-AR,20250424,0001854811,020-27952,20241231
0001665160-25-000761,C-AR,20250424,0001842368,020-33711,20241231
0001096906-25-000577,C/A,20250424,0001916231,020-35537,
0001665160-25-000759,C-AR,20250424,0002045356,020-35542,20241231
0001665160-25-000758,C/A,20250424,0002045356,020-35542,
0002022795-25-000001,C-AR,20250424,0002022795,020-35028,20241231
0001738427-25-000001,C-AR,20250424,0001738427,020-32242,20241231
0001670254-25-000412,C/A,20250424,0001855821,020-28693,
0001670254-25-000411,C-AR,20250424,0001675598,020-32680,20241231
0001851385-25-000001,C-AR,20250424,0001851385,020-29950,20241231
0002063604-25-000003,C,20250424,0002065612,020-35822,
0002063604-25-000002,C,20250424,0002065587,020-35821,
0001670254-25-000410,C-AR,20250424,0002020021,020-34072,20241231
0001670254-25-000408,C/A,20250424,0001796036,020-33107,
0001140361-25-015305,C,20250424,0002061269,020-35820,
0001665160-25-000754,C/A,20250424,0001972678,020-35319,
0001665160-25-000756,C/A,20250424,0002059368,020-35672,
0001670254-25-000406,C,20250424,0002065401,020-35818,
0001963747-25-000003,C/A,20250424,0001963747,020-35773,
0001213900-25-034759,C-U,20250424,0001952082,020-34711,
0001641172-25-005893,C,20250423,0002019817,020-35816,
0001665160-25-000751,C-AR,20250423,0001845509,020-27683,20241231
0001665160-25-000750,C/A,20250423,0001845509,020-35675,
0001670254-25-000404,C-AR,20250423,0001611161,020-24714,20241231
0001670254-25-000402,C-AR,20250423,0001777061,020-25674,20231231
0001947088-25-000001,C-AR,20250423,0001947088,020-31155,20241231
0001665160-25-000748,C,20250423,0002003387,020-35814,
0002065339-25-000001,C,20250423,0002065339,020-35812,
0001665160-25-000746,C,20250423,0002062787,020-35811,
0001973591-25-000003,C-TR,20250423,0001973591,020-32646,
0001830829-25-000002,C-AR,20250423,0001830829,020-32986,20241231
0001670254-25-000401,C-AR,20250423,0001724714,020-23919,20241231
0001670254-25-000399,C-AR,20250423,0001952398,020-34046,20241231
0002020731-25-000002,C/A,20250423,0002020731,020-34353,
0001993754-25-000001,C-AR,20250423,0001993754,020-32938,20241231
0001670254-25-000397,C,20250423,0002065319,020-35809,
0001893890-25-000001,C-AR,20250423,0001893890,020-29455,20241231
0002035648-25-000001,C/A,20250423,0002035648,020-35061,
0001789811-25-000003,C-TR,20250422,0001789811,020-25696,
0001789811-25-000002,C-AR,20250422,0001789811,020-25696,20250422
0001670254-25-000396,C-AR,20250422,0001836722,020-27560,20241231
0001665160-25-000744,C-AR,20250422,0001783128,020-25678,20241231
0001665160-25-000743,C/A,20250422,0001783128,020-35641,
0002001857-25-000008,C-TR,20250422,0001648350,020-33856,
0001213900-25-034242,C-AR,20250422,0001123312,020-31574,20241231
0002001857-25-000007,C-AR,20250422,0001648350,020-33856,20241231
0001665160-25-000741,C-U,20250422,0001732981,020-35335,
0001665160-25-000740,C-U,20250422,0002033731,020-34679,
0002065336-25-000001,C,20250422,0002065336,020-35808,
0002062177-25-000001,C,20250422,0002062177,020-35807,
0001665160-25-000739,C-AR,20250422,0001718984,020-35004,20241231
0001665160-25-000738,C/A,20250422,0001718984,020-35004,
0002001857-25-000006,C-AR,20250422,0001822699,020-26831,20241231
0002055191-25-000003,C/A,20250422,0002055191,020-35551,
0001683892-25-000002,C-U,20250422,0001683892,020-33979,
0001669191-25-000278,C/A,20250422,0002034116,020-35055,
0002031364-25-000007,C-AR,20250422,0002025077,020-34254,20241231
0001665160-25-000735,C,20250422,0002065286,020-35806,
0001665160-25-000732,C,20250422,0002063062,020-35804,
0002031364-25-000006,C-W,20250422,0002043207,020-35110,
0002031364-25-000005,C-AR,20250422,0001942322,020-31229,20241231
0002031364-25-000004,C-AR,20250422,0002011114,020-33643,20241231
0002031364-25-000003,C-AR,20250422,0002007628,020-33489,20241231
0001669191-25-000275,C/A,20250422,0002004517,020-33469,
0002031364-25-000002,C-AR,20250422,0001660271,020-28396,20241231
0002031364-25-000001,C-AR,20250422,0002031364,020-34487,20241231
0002007364-25-000001,C-AR,20250422,0002007364,020-33507,20241231
0001670254-25-000393,C,20250422,0002064976,020-35802,
0001986571-25-000003,C-AR,20250422,0001986571,020-32722,20241231
0002012683-25-000002,C-AR,20250422,0002012683,020-33756,20241231
0001956001-25-000007,C-AR,20250421,0001956001,020-31476,20241231
0001665160-25-000730,C-TR,20250421,0001821125,020-26975,
0001665160-25-000729,C-U,20250421,0002057514,020-35676,
0002046827-25-000006,C-U,20250421,0002046827,020-35375,
0002035755-25-000004,C,20250421,0001727750,020-35801,
0001099910-25-000130,C-TR,20250421,0001999692,020-33744,
0001666102-25-000010,C-AR,20250421,0002043346,020-35025,20241231
0001666102-25-000009,C/A,20250421,0002043346,020-35025,
0002035755-25-000003,C-AR,20250421,0002008327,020-33527,20241231
0002035755-25-000002,C-AR,20250421,0001968222,020-32150,20241231
0002035755-25-000001,C-AR,20250421,0002035755,020-34719,20241231
0001670254-25-000392,C/A,20250421,0002027681,020-34455,
0002063604-25-000001,C,20250421,0002063604,020-35800,
0001666102-25-000008,C-AR,20250421,0002019538,020-34356,20241231
0001666102-25-000007,C/A,20250421,0002019538,020-34356,
0001670254-25-000386,C/A,20250421,0002015355,020-33806,
0001665160-25-000728,C-AR,20250421,0002052465,020-35450,20241231
0002065046-25-000001,C,20250421,0002065046,020-35797,
0001670254-25-000388,C,20250421,0001947056,020-35798,
0001665160-25-000726,C-U,20250421,0002055428,020-35543,
0001670254-25-000390,C,20250421,0001891649,020-35799,
0001665160-25-000724,C-U,20250418,0002063496,020-35741,
0001665160-25-000723,C-U,20250418,0001458574,020-35380,
0001665160-25-000722,C-U,20250418,0002059368,020-35672,
0001665160-25-000721,C-U,20250418,0002058865,020-35649,
0001665160-25-000720,C-U,20250418,0001783128,020-35641,
0001665160-25-000719,C-U,20250418,0001733353,020-35711,
0001665160-25-000718,C-U,20250418,0002009327,020-35644,
0001665160-25-000717,C-U,20250418,0002060530,020-35694,
0001670254-25-000385,C-AR,20250418,0001836721,020-27370,20241231
0002062402-25-000001,C,20250418,0002062402,020-35796,
0001665160-25-000716,C-U,20250418,0002022025,020-34164,
0001665160-25-000715,C-AR,20250418,0001812658,020-26617,20241231
0002056010-25-000004,C-U,20250418,0002053930,020-35586,
0002056010-25-000003,C-U,20250418,0002055809,020-35548,
0001670254-25-000384,C/A,20250418,0002024399,020-34471,
0001665160-25-000713,C,20250418,0001965392,020-35795,
0001665160-25-000711,C/A,20250418,0001777274,020-35351,
0001665160-25-000709,C-AR,20250418,0001777274,020-25998,20241231
0001669191-25-000273,C-AR,20250418,0001899326,020-29367,20241231
0001665160-25-000706,C/A,20250418,0002009327,020-35644,
0002063804-25-000002,C,20250418,0002063807,020-35792,
0002063804-25-000001,C,20250418,0002063804,020-35791,
0001736664-25-000001,C-TR,20250418,0001736664,020-24293,
0001665160-25-000702,C-AR,20250418,0001863653,020-28266,20241231
0001670254-25-000379,C,20250418,0001751635,020-35789,
0001670254-25-000380,C-AR,20250418,0002009974,020-33584,20241231
0001665160-25-000700,C-U,20250418,0002055989,020-35554,
0001670254-25-000382,C,20250418,0002064723,020-35790,
0001096906-25-000543,C,20250417,0002010960,020-35787,
0001641172-25-005303,C,20250417,0002064941,020-35786,
0002052474-25-000004,C/A,20250417,0002052474,020-35664,
0001670254-25-000377,C-AR,20250417,0002016335,020-33839,20241231
0001665160-25-000699,C-U,20250417,0001833787,020-35626,
0001665160-25-000698,C-U,20250417,0001980292,020-35412,
0001670254-25-000376,C-AR,20250417,0001947789,020-31199,20241231
0001331332-25-000003,C-AR,20250417,0001331332,020-28986,20241231
0001062993-25-007627,C-U,20250417,0002035321,020-34715,
0001670254-25-000375,C/A,20250417,0002030151,020-34472,
0002009814-25-000002,C-TR,20250417,0002009814,020-33790,
0002009814-25-000001,C-AR,20250417,0002009814,020-33790,20241231
0001669191-25-000272,C/A,20250417,0002042829,020-35222,
0001670254-25-000374,C-AR,20250417,0001732157,020-33762,20241231
0001665160-25-000696,C/A,20250417,0001733353,020-35711,
0001062993-25-007622,C/A,20250417,0002043459,020-35022,
0001870611-25-000004,C-AR,20250417,0001870611,020-33478,20241231
0002032653-25-000003,C-TR,20250417,0002032653,020-35064,
0002032653-25-000002,C-AR,20250417,0002032653,020-35064,20241231
0002007209-25-000003,C-TR,20250417,0002007209,020-33519,
0002008980-25-000001,C-AR,20250417,0002008980,020-33995,20241231
0002007209-25-000001,C-AR,20250417,0002007209,020-33519,20241231
0001996759-25-000006,C-TR,20250417,0001996759,020-33352,
0001996759-25-000004,C-AR,20250417,0001996759,020-33352,20241231
0001665160-25-000693,C,20250417,0001684283,020-35783,
0001669191-25-000269,C/A,20250417,0002045208,020-35271,
0001062993-25-007617,C/A,20250417,0002043459,020-35022,
0001670254-25-000373,C/A,20250417,0002037345,020-35011,
0001665160-25-000690,C-AR,20250416,0001821125,020-26975,20241231
0001669191-25-000266,C/A,20250416,0002008454,020-35748,
0001665160-25-000688,C-U,20250416,0002041723,020-34986,
0001665160-25-000687,C-U,20250416,0001880047,020-35374,
0001665160-25-000686,C-U,20250416,0002047529,020-35317,
0001665160-25-000685,C-U,20250416,0002052772,020-35426,
0001665160-25-000684,C-U,20250416,0001741454,020-35393,
0001670254-25-000372,C-AR,20250416,0001969665,020-32038,20241231
0001670254-25-000371,C-AR,20250416,0001881570,020-28927,20241231
0001670254-25-000370,C-AR,20250416,0001977447,020-33439,20241231
0001096906-25-000530,C/A,20250416,0002041824,020-35574,
0001670254-25-000368,C-AR,20250416,0002005090,020-33400,20241231
0001665160-25-000683,C,20250416,0002057570,020-35780,
0001477932-25-002788,C-U,20250416,0001989655,020-33167,
0001665160-25-000682,C-AR,20250416,0001720264,020-33676,20241231
0001665160-25-000680,C/A,20250416,0001720264,020-35414,
0001670254-25-000367,C-AR,20250416,0001900590,020-34343,20241231
0001670254-25-000366,C/A,20250416,0001817417,020-35428,
0002019885-25-000002,C-AR,20250416,0002019885,020-34035,20241231
0001709244-25-000002,C-AR,20250416,0001709244,020-23460,20241231
0001670254-25-000365,C/A,20250416,0001817417,020-35428,
0001665160-25-000678,C-TR,20250416,0001706842,020-31074,
0001665160-25-000677,C-AR,20250416,0002040427,020-34918,20241231
0001665160-25-000675,C-AR,20250416,0001952850,020-31308,20241231
0001716974-25-000002,C-AR,20250416,0001716974,020-23618,20241231
0002064198-25-000001,C/A,20250416,0002064198,020-35758,
0002010151-25-000002,C-AR,20250416,0002010151,020-33575,20241231
0001665160-25-000671,C,20250416,0002033731,020-35778,
0002063914-25-000002,C/A,20250415,0002063914,020-35770,
0001923441-25-000002,C-W,20250415,0001923441,020-30050,
0001665160-25-000669,C-AR,20250415,0002041067,020-34962,20241231
0001665160-25-000667,C/A,20250415,0002051297,020-35402,
0001665160-25-000666,C/A,20250415,0002052465,020-35450,
0001477932-25-002741,C-U,20250415,0001620704,020-34208,
0001665160-25-000665,C/A,20250415,0001765489,020-35175,
0001920292-25-000002,C-AR,20250415,0001920292,020-29986,20231231
0001920292-25-000001,C-AR,20250415,0001920292,020-29986,20241231
0002063605-25-000001,C,20250415,0002063605,020-35776,
0001665160-25-000663,C-AR,20250415,0002045020,020-35162,20241231
0002038139-25-000002,C-U,20250415,0002038139,020-34820,
0001669191-25-000264,C/A,20250415,0001750795,020-34896,
0002049492-25-000004,C-AR,20250415,0001727750,020-26630,20241231
0002036985-25-000003,C-U,20250415,0002036985,020-35258,
0002010670-25-000002,C-AR,20250415,0002010670,020-35295,20241231
0001062993-25-007483,C,20250415,0002017801,020-35775,
0001670254-25-000364,C/A,20250415,0001990587,020-34406,
0001670254-25-000363,C/A,20250415,0001974063,020-34802,
0002029197-25-000002,C/A,20250414,0002029197,020-35379,
0001670254-25-000362,C-AR,20250414,0002024433,020-34231,20241231
0002061068-25-000004,C/A,20250414,0002046887,020-35583,
0002061068-25-000003,C/A,20250414,0002061068,020-35683,
0001665160-25-000661,C-AR,20250414,0001968555,020-31950,20241231
0001665160-25-000658,C-AR,20250414,0001983438,020-32660,20241231
0001062993-25-007441,C/A,20250414,0001763588,020-35701,
0001665160-25-000656,C-AR,20250414,0001987012,020-32711,20241231
0001963747-25-000002,C,20250414,0001963747,020-35773,
0002000970-25-000001,C-AR,20250414,0002000970,020-33328,20220124
0001665160-25-000653,C-AR,20250414,0001820834,020-26992,20241231
0001644600-25-000023,C-U,20250414,0001687316,020-34685,
0002059910-25-000004,C-W,20250414,0002059910,020-35657,
0001665160-25-000650,C/A,20250414,0001744757,020-35535,
0001665160-25-000648,C-AR,20250414,0002015440,020-34992,20241231
0002058988-25-000004,C-U,20250414,0002058988,020-35639,
0001666102-25-000006,C-AR,20250414,0002031376,020-34558,20241231
0001666102-25-000005,C/A,20250414,0002031376,020-34558,
0001665160-25-000646,C-AR,20250414,0001857657,020-28197,20241231
0001062993-25-007400,C,20250414,0001095130,020-35772,
0001760404-25-000003,C/A,20250414,0001760404,020-34703,
0001665160-25-000642,C-U,20250414,0002051477,020-35445,
0002063914-25-000001,C,20250411,0002063914,020-35770,
0001665160-25-000641,C/A,20250411,0001936666,020-35557,
0002055679-25-000004,C/A,20250411,0002055679,020-35528,
0001665160-25-000639,C-U,20250411,0002057956,020-35613,
0002055679-25-000003,C/A,20250411,0002055679,020-35528,
0001670254-25-000361,C-AR,20250411,0002005162,020-33521,20241231
0001665160-25-000638,C-U,20250411,0001967763,020-35667,
0001665160-25-000636,C-TR,20250411,0001926829,020-30219,
0001665160-25-000635,C-TR-W,20250411,0001926829,020-30219,
0001670254-25-000359,C-AR,20250411,0001990481,020-33075,20241231
0001665160-25-000634,C-TR,20250411,0001926829,020-30219,
0001793646-25-000005,C-AR,20250411,0001793646,020-33844,20241231
0001670254-25-000358,C-AR,20250411,0001835668,020-27340,20241231
0001665160-25-000633,C/A,20250411,0002042791,020-35063,
0001989839-25-000003,C-TR,20250411,0001989839,020-32795,
0001989839-25-000002,C-AR,20250411,0001989839,020-32795,20241231
0001665160-25-000631,C-AR,20250411,0002030563,020-34470,20241231
0001870874-25-000003,C,20250411,0002050717,020-35769,
0001644600-25-000021,C-U,20250411,0001710670,020-35461,
0001644600-25-000019,C-AR,20250411,0001786471,020-25597,20241231
0001746480-25-000005,C-AR,20250411,0001746480,020-30460,20241231
0001665160-25-000629,C-AR,20250411,0002036797,020-34810,20241231
0001746480-25-000004,C-AR,20250411,0001746480,020-30460,20231231
0001665160-25-000627,C-AR,20250411,0001825277,020-29682,20241231
0001665160-25-000624,C-AR,20250411,0001809263,020-29155,20241231
0001665160-25-000622,C-AR,20250411,0001925116,020-35342,20241231
0001665160-25-000620,C-AR,20250411,0001960077,020-31877,20241231
0001665160-25-000617,C-AR,20250411,0001916649,020-29903,20241231
0002055679-25-000002,C/A,20250411,0002055679,020-35528,
0001665160-25-000615,C-U,20250411,0002049921,020-35349,
0001670254-25-000356,C,20250411,0002016494,020-35768,
0001665160-25-000614,C-U,20250411,0002053244,020-35464,
0001665160-25-000613,C-AR,20250410,0002053244,020-35464,20241231
0001665160-25-000611,C-AR,20250410,0002007816,020-35386,20241231
0001665160-25-000609,C/A,20250410,0002007816,020-35386,
0002027681-25-000003,C-AR,20250410,0002027681,020-34455,20241231
0001665160-25-000606,C-AR,20250410,0001831805,020-27260,20241231
0001670254-25-000353,C-AR,20250410,0001989498,020-32735,20241231
0001670254-25-000351,C-AR,20250410,0001882848,020-33300,20241231
0001665160-25-000603,C-AR,20250410,0001478985,020-26084,20241231
0001670254-25-000350,C/A,20250410,0002047283,020-35404,
0001665160-25-000601,C-AR,20250410,0001940832,020-30852,20241231
0001807742-25-000001,C-AR,20250410,0001807742,020-26273,20201231
0001665160-25-000598,C-AR,20250410,0002040415,020-34961,20241231
0001665160-25-000595,C,20250410,0001764003,020-35767,
0001665160-25-000593,C-AR,20250410,0001996038,020-33051,20241231
0002026753-25-000001,C/A,20250410,0002026753,020-34286,
0002059568-25-000001,C,20250410,0002059568,020-35765,
0002001196-25-000002,C-AR,20250410,0002001196,020-34182,20241231
0002001159-25-000002,C-AR,20250410,0002001159,020-34180,20241231
0001670254-25-000349,C-AR,20250410,0001916637,020-29895,20241231
0001989095-25-000009,C-TR,20250410,0001989095,020-33334,
0001989095-25-000007,C-AR,20250410,0001989095,020-33334,20241231
0001665160-25-000589,C-AR,20250410,0001926831,020-30124,20241231
0001665160-25-000587,C-AR,20250410,0001822782,020-33895,20241231
0001683168-25-002405,C-U,20250410,0001730533,020-35131,
0001665160-25-000585,C-AR,20250410,0001934237,020-33540,20241231
0001665160-25-000583,C-AR,20250410,0001568861,020-34249,20241231
0001665160-25-000578,C-AR,20250410,0001973971,020-32309,20231231
0001670254-25-000346,C,20250410,0001997489,020-35763,
0001670254-25-000345,C-W,20250410,0002053745,020-35589,
0001665160-25-000580,C-TR,20250410,0001973971,020-32309,
0001670254-25-000347,C,20250410,0002063983,020-35764,
0001665160-25-000579,C-AR,20250410,0001973971,020-32309,20241231
0001669191-25-000262,C-U,20250409,0002026909,020-34291,
0001669191-25-000261,C-U,20250409,0001825796,020-31925,
0001669191-25-000258,C-U,20250409,0002031487,020-35400,
0001665160-25-000570,C-AR,20250409,0002037196,020-35009,20241231
0001670254-25-000344,C-AR,20250409,0001870369,020-33651,20241231
0001665160-25-000568,C-AR,20250409,0001994173,020-33072,20241231
0001670254-25-000342,C-AR,20250409,0001964750,020-31786,20241231
0001665160-25-000566,C-AR,20250409,0001803721,020-26174,20241231
0001821195-25-000002,C-TR,20250409,0001821195,020-26768,
0001665160-25-000563,C,20250409,0002063642,020-35762,
0001821195-25-000001,C-AR,20250409,0001821195,020-33238,20241231
0001670254-25-000341,C/A,20250409,0001826329,020-34757,
0001666025-25-000001,C-U,20250409,0002034291,020-34646,
0001670254-25-000340,C-W,20250409,0002012967,020-33684,
0001665160-25-000561,C/A,20250409,0002052600,020-35465,
0001665160-25-000559,C-AR,20250409,0001887887,020-28954,20241231
0001665160-25-000556,C-AR,20250409,0001873475,020-28941,20241231
0001665160-25-000553,C-AR,20250409,0001937683,020-30530,20241231
0001670254-25-000336,C/A,20250409,0002053749,020-35504,
0001665160-25-000550,C-AR,20250409,0001948125,020-31035,20241231
0002060792-25-000003,C/A,20250409,0002060792,020-35715,
0001665160-25-000548,C-AR,20250409,0001292625,020-32055,20241231
0001665160-25-000546,C-AR,20250409,0001731197,020-25317,20241231
0001665160-25-000543,C-AR,20250409,0001881374,020-32464,20241231
0001670254-25-000334,C-AR,20250409,0001928347,020-30483,20241231
0001665160-25-000541,C-AR,20250409,0001765489,020-26434,20241231
0001670254-25-000332,C-AR,20250409,0001905705,020-33776,20241231
0001665160-25-000539,C-AR,20250409,0001965503,020-32027,20241231
0001665160-25-000536,C-AR,20250409,0001715110,020-29632,20241231
0001669191-25-000256,C/A,20250409,0002019865,020-34051,
0001717109-25-000003,C-TR,20250409,0001717109,020-30813,
0001717109-25-000001,C-AR,20250409,0001717109,020-30813,20241231
0001670254-25-000327,C,20250409,0002044204,020-35759,
0002061810-25-000001,C,20250409,0002061810,020-35760,
0001555127-25-000003,C-AR/A,20250409,0001555127,020-26416,20231231
0001670254-25-000329,C/A,20250409,0002044204,020-35425,
0001670254-25-000330,C-AR,20250409,0001862481,020-31943,20241231
0002035878-25-000003,C,20250408,0002064198,020-35758,
0001670254-25-000326,C/A,20250408,0001945171,020-35329,
0001670254-25-000324,C-AR,20250408,0002000924,020-33509,20241231
0001980806-25-000003,C-AR,20250408,0001980806,020-32788,20241231
0001980806-25-000002,C-AR,20250408,0001980806,020-32788,20231231
0001670254-25-000323,C-AR,20250408,0002009448,020-33541,20241231
0002016816-25-000002,C-AR,20250408,0002016816,020-34156,20241231
0002035878-25-000002,C-W,20250408,0002057607,020-35575,
0001665160-25-000534,C-AR,20250408,0001982201,020-32586,20241231
0001670254-25-000322,C-AR,20250408,0001934804,020-32100,20241231
0001670254-25-000321,C/A,20250408,0002053749,020-35504,
0002055060-25-000002,C-AR,20250408,0002004960,020-33421,20241231
0001670254-25-000318,C,20250408,0002063997,020-35757,
0001665160-25-000531,C-AR,20250408,0001861448,020-28989,20241231
0001952170-25-000001,C-AR,20250408,0001952170,020-31348,20241231
0002035878-25-000001,C,20250408,0002063803,020-35756,
0002052148-25-000003,C/A,20250408,0002052148,020-35559,
0001665160-25-000529,C-U,20250408,0001960077,020-35620,
0001670254-25-000316,C,20250408,0001930642,020-35755,
0001665160-25-000528,C/A,20250408,0002033731,020-34679,
0002052841-25-000004,C,20250408,0002063806,020-35754,
0002052841-25-000003,C/A,20250408,0002052841,020-35462,
0002009571-25-000007,C-AR/A,20250408,0002009571,020-34101,20241231
0001555127-25-000002,C,20250408,0001555127,020-35753,
0001670254-25-000313,C,20250408,0001781973,020-35752,
0001670254-25-000309,C-AR,20250408,0001831322,020-27243,20241231
0001670254-25-000312,C,20250408,0001831322,020-35751,
0001670254-25-000305,C-AR,20250407,0001588427,020-30818,20241231
0001665160-25-000527,C-U,20250407,0001844273,020-35442,
0002009571-25-000005,C-AR,20250407,0002009571,020-34101,20241231
0001670254-25-000303,C-AR,20250407,0001918812,020-29933,20241231
0002064005-25-000001,C,20250407,0002064005,020-35750,
0001903204-25-000003,C-TR,20250407,0001903204,020-30018,
0001951496-25-000001,C-AR,20250407,0001951496,020-31495,20241231
0001903204-25-000002,C-AR,20250407,0001903204,020-30018,20241231
0001670254-25-000302,C-AR,20250407,0002023653,020-34142,20241231
0001062993-25-007129,C/A,20250407,0001763588,020-35701,
0001670254-25-000301,C,20250407,0001832659,020-35749,
0002042549-25-000002,C-W,20250407,0002042549,020-35659,
0001669191-25-000254,C/A,20250407,0002002801,020-33466,
0001670254-25-000300,C/A,20250407,0001893890,020-35138,
0001947784-25-000004,C-TR,20250407,0001947784,020-32785,
0001665160-25-000526,C/A,20250404,0002056658,020-35600,
0001669191-25-000251,C,20250404,0002008454,020-35748,
0001670254-25-000299,C-AR,20250404,0001755580,020-24821,20241231
0001670254-25-000297,C,20250404,0001696893,020-35746,
0001669191-25-000249,C/A,20250404,0001750795,020-34896,
0001670254-25-000296,C-AR,20250404,0001951510,020-31291,20241231
0001062993-25-007078,C/A,20250404,0001875534,020-35218,
0001665160-25-000523,C-AR,20250404,0002030600,020-34560,20241231
0001670254-25-000295,C-AR,20250404,0001862675,020-28101,20241231
0001062993-25-007055,C-W,20250404,0002045228,020-35284,
0001901009-25-000013,C-AR,20250404,0001901009,020-32867,20241231
0001665160-25-000520,C/A,20250404,0002043285,020-35039,
0002059502-25-000001,C,20250404,0002059502,020-35745,
0001641172-25-002690,C/A,20250404,0002004530,020-33952,
0002058988-25-000003,C-U,20250404,0002058988,020-35639,
0001665160-25-000519,C/A,20250404,0001718984,020-35004,
0002056010-25-000002,C-U,20250403,0002056010,020-35545,
0002050967-25-000006,C-U,20250403,0002050967,020-35431,
0002050824-25-000007,C-U,20250403,0002050824,020-35409,
0002054901-25-000004,C-U,20250403,0002054901,020-35527,
0001896328-25-000005,C-U,20250403,0001896328,020-35592,
0002036841-25-000004,C/A,20250403,0002035625,020-34908,
0002054162-25-000002,C-U,20250403,0002054162,020-35507,
0002047457-25-000003,C-U,20250403,0002047457,020-35347,
0002054005-25-000003,C-U,20250403,0002054005,020-35483,
0002036841-25-000003,C/A,20250403,0002036841,020-35259,
0001950933-25-000007,C-U,20250403,0002054326,020-35487,
0001670254-25-000291,C-AR,20250403,0001706765,020-25665,20241231
0001670254-25-000289,C-AR,20250403,0001947784,020-32785,20241231
0001972948-25-000001,C-TR,20250403,0001972948,020-32385,
0001670254-25-000288,C-AR,20250403,0002022956,020-34503,20241231
0002063606-25-000001,C,20250403,0002063606,020-35744,
0001670254-25-000287,C/A,20250403,0001945872,020-31255,
0002058947-25-000002,C/A,20250403,0002058947,020-35637,
0001990079-25-000001,C-AR,20250403,0001990079,020-32756,20241231
0001670254-25-000285,C,20250403,0001647116,020-35743,
0001670254-25-000283,C-AR,20250402,0002008838,020-33520,20241231
0002060792-25-000002,C/A,20250402,0002060792,020-35715,
0001641172-25-002411,C/A,20250402,0002016234,020-35719,
0001670254-25-000282,C-U,20250402,0001900590,020-34343,
0001670254-25-000281,C-AR,20250402,0002023046,020-34106,20241231
0001670254-25-000280,C-AR,20250402,0001998278,020-33389,20241231
0002008726-25-000003,C-TR,20250402,0002008726,020-33792,
0002008726-25-000002,C-AR,20250402,0002008726,020-33792,20241231
0001665160-25-000516,C-TR,20250402,0001964906,020-31853,
0001670254-25-000279,C-AR,20250402,0001930034,020-33938,20241231
0001665160-25-000513,C/A,20250402,0002056160,020-35562,
0001670254-25-000278,C-AR,20250402,0001898656,020-31027,20241231
0001665160-25-000511,C,20250402,0002062460,020-35742,
0002016846-25-000004,C-TR,20250402,0002016846,020-33919,
0002016846-25-000002,C-AR,20250402,0002016846,020-33919,20241231
0001669191-25-000247,C/A,20250402,0001898169,020-35698,
0001973860-25-000003,C-U,20250402,0001973860,020-35034,
0001665160-25-000509,C,20250402,0002063496,020-35741,
0001669191-25-000245,C/A,20250402,0001898169,020-35698,
0001787792-25-000003,C-U,20250402,0001787792,020-35567,
0001670254-25-000276,C/A,20250402,0001943904,020-34442,
0001670254-25-000272,C,20250402,0001980745,020-35738,
0001670254-25-000274,C,20250402,0002020584,020-35739,
0001665160-25-000507,C-U,20250401,0002047825,020-35266,
0001665160-25-000506,C-U,20250401,0001488790,020-34933,
0001665160-25-000505,C-U,20250401,0001890225,020-35391,
0001821982-25-000005,C/A,20250401,0002050934,020-35388,
0002048122-25-000001,C-W,20250401,0002048122,020-35274,
0002022041-25-000003,C-TR,20250401,0002022041,020-34100,
0002022041-25-000002,C-AR,20250401,0002022041,020-34100,20241231
0001669191-25-000239,C/A,20250401,0002035650,020-34794,
0001669191-25-000238,C/A,20250401,0001955728,020-35674,
0001665160-25-000503,C,20250401,0002059961,020-35736,
0001829126-25-002272,C/A,20250401,0001836728,020-34394,
0002060962-25-000002,C,20250401,0002060416,020-35734,
0001669191-25-000235,C/A,20250401,0002024066,020-34247,
0001669191-25-000234,C/A,20250401,0002035965,020-34977,
0002060962-25-000001,C/A,20250401,0002060962,020-35682,
0001641172-25-001963,C-U,20250401,0002019817,020-35370,
0001903596-25-000154,C-AR,20250401,0001036148,020-29300,20241231
0001829126-25-002250,C/A,20250401,0001836728,020-34394,
0001670254-25-000267,C/A,20250401,0002047287,020-35304,
0001670254-25-000271,C,20250401,0002030955,020-35733,
0001670254-25-000268,C,20250401,0002062759,020-35731,
0001670254-25-000270,C,20250401,0002063429,020-35732,
