submission_id,issuer_name,industry,jurisdiction,incorporation_date
0001665160-25-001258,,,,
0001669191-25-000401,,,,
0001669191-25-000399,,,,
0001665160-25-001256,,,,
0001670254-25-000671,,,,
0001665160-25-001254,,,,
0001096906-25-001063,,,,
0001831910-25-000002,,,,
0002055679-25-000005,,,,
0002074857-25-000001,,,,
0001822620-25-000005,,,,
0001822620-25-000002,,,,
0002063604-25-000154,,,,
0001062993-25-012170,,,,
0001665160-25-001249,,,,
0001733164-25-000004,,,,
0001990151-25-000002,,,,
0001665160-25-001246,,,,
0001665160-25-001241,,,,
0002061137-25-000004,,,,
0001670254-25-000669,,,,
0002055971-25-000004,,,,
0001846920-25-000002,,,,
0001670254-25-000668,,,,
0002063604-25-000153,,,,
0002063604-25-000152,,,,
0002063604-25-000151,,,,
0002063604-25-000150,,,,
0001091818-25-000076,,,,
0002024141-25-000005,,,,
0002063604-25-000149,,,,
0001665160-25-001237,,,,
0002063604-25-000148,,,,
0001670254-25-000665,,,,
0002068524-25-000001,,,,
0002074241-25-000001,,,,
0001977788-25-000002,,,,
0001096906-25-001025,,,,
0002064142-25-000001,,,,
0002011617-25-000005,,,,
0002069232-25-000003,,,,
0001641172-25-016264,,,,
0002012810-25-000008,,,,
0002042357-25-000004,,,,
0001641172-25-016208,,,,
0002063604-25-000147,,,,
0001906867-25-000002,,,,
0002068151-25-000002,,,,
0001099910-25-000174,,,,
0002073287-25-000002,,,,
0002063604-25-000146,,,,
0002063604-25-000145,,,,
0001670254-25-000663,,,,
0002042357-25-000002,,,,
0001665160-25-001235,,,,
0002063604-25-000144,,,,
0001665160-25-001233,,,,
0001923174-25-000005,,,,
0002066043-25-000004,,,,
0001665160-25-001231,,,,
0001665160-25-001230,,,,
0001665160-25-001229,,,,
0002063604-25-000143,,,,
0001641172-25-015982,,,,
0002047783-25-000002,,,,
0002063604-25-000142,,,,
0001641172-25-015938,,,,
0001641172-25-015935,,,,
0001641172-25-015927,,,,
0001641172-25-015921,,,,
0001641172-25-015918,,,,
0001641172-25-015902,,,,
0001641172-25-015897,,,,
0001641172-25-015892,,,,
0001641172-25-015888,,,,
0001641172-25-015879,,,,
0001096906-25-000991,,,,
0001981357-25-000003,,,,
0001941410-25-000002,,,,
0002063604-25-000141,,,,
0002063604-25-000140,,,,
0001665160-25-001228,,,,
0001670254-25-000662,,,,
0001665160-25-001226,,,,
0002072081-25-000001,,,,
0001062993-25-011923,,,,
0001670254-25-000661,,,,
0002063604-25-000138,,,,
0002063604-25-000137,,,,
0002063604-25-000139,,,,
0002063604-25-000136,,,,
0001096906-25-000979,,,,
0001665160-25-001225,,,,
0001665160-25-001224,,,,
0001997555-25-000004,,,,
0002063604-25-000135,,,,
0002063604-25-000134,,,,
0002063604-25-000133,,,,
0001670254-25-000659,,,,
0001952064-25-000005,,,,
0001968655-25-000002,,,,
0002067222-25-000001,,,,
0002063604-25-000132,,,,
0002063604-25-000131,,,,
0002072448-25-000001,,,,
0001665160-25-001223,,,,
0001665160-25-001221,,,,
0001920988-25-000002,,,,
0001665160-25-001218,,,,
0002053814-25-000001,,,,
0002063604-25-000130,,,,
0002063604-25-000129,,,,
0002071815-25-000001,,,,
0001709539-25-000003,,,,
0002063604-25-000128,,,,
0002063604-25-000127,,,,
0001555127-25-000006,,,,
0001817371-25-000004,,,,
0001817371-25-000003,,,,
0001978358-25-000004,,,,
0002063604-25-000126,,,,
0001062993-25-011735,,,,
0001062993-25-011731,,,,
0001104659-25-059806,,,,
0001963747-25-000005,,,,
0001665160-25-001216,,,,
0002063604-25-000125,,,,
0002062333-25-000003,,,,
0002063604-25-000124,,,,
0002073287-25-000001,,,,
0001666102-25-000030,,,,
0001666102-25-000029,,,,
0001666102-25-000028,,,,
0001670254-25-000657,,,,
0002063604-25-000123,,,,
0001669191-25-000397,,,,
0001669191-25-000395,,,,
0002020122-25-000003,,,,
0002063604-25-000122,,,,
0001665160-25-001214,,,,
0001665160-25-001212,,,,
0001670254-25-000655,,,,
0002063604-25-000121,,,,
0001062993-25-011619,,,,
0001670254-25-000654,,,,
0001062993-25-011594,,,,
0001665160-25-001211,,,,
0001665160-25-001207,,,,
0002063604-25-000119,,,,
0001669191-25-000393,,,,
0001690433-25-000003,,,,
0001665160-25-001206,,,,
0002004082-25-000001,,,,
0002053710-25-000003,,,,
0001670254-25-000652,,,,
0001099910-25-000171,,,,
0002063604-25-000118,,,,
0001641172-25-014734,,,,
0001665160-25-001204,,,,
0001062993-25-011388,,,,
0001665160-25-001203,,,,
0001665160-25-001202,,,,
0001665160-25-001201,,,,
0001665160-25-001199,,,,
0002072345-25-000002,,,,
0001830411-25-000006,,,,
0001830411-25-000004,,,,
0001830411-25-000002,,,,
0002072345-25-000001,,,,
0001665160-25-001196,,,,
0001670254-25-000647,,,,
0001670254-25-000651,,,,
0001670254-25-000644,,,,
0001670254-25-000645,,,,
0001665160-25-001190,,,,
0001789113-25-000003,,,,
0001884054-25-000002,,,,
0002063604-25-000117,,,,
0001669191-25-000390,,,,
0001669776-25-000003,,,,
0001937039-25-000002,,,,
0002063604-25-000116,,,,
0002063604-25-000115,,,,
0001096906-25-000939,,,,
0002063604-25-000113,,,,
0002063604-25-000112,,,,
0001669191-25-000389,,,,
0001665160-25-001189,,,,
0001665160-25-001185,,,,
0001665160-25-001184,,,,
0002063604-25-000110,,,,
0002063604-25-000109,,,,
0001936290-25-000003,,,,
0001670254-25-000642,,,,
0002063604-25-000107,,,,
0002059502-25-000002,,,,
0001937039-25-000001,,,,
0002034501-25-000006,,,,
0001670254-25-000640,,,,
0001670254-25-000638,,,,
0002063604-25-000106,,,,
0001669191-25-000386,,,,
0001665160-25-001183,,,,
0001665160-25-001182,,,,
0001669191-25-000384,,,,
0001669191-25-000381,,,,
0001665160-25-001180,,,,
0001062993-25-011029,,,,
0001670254-25-000637,,,,
0001670254-25-000635,,,,
0001665160-25-001176,,,,
0001700943-25-000001,,,,
0001887950-25-000004,,,,
0001062993-25-010906,,,,
0001641172-25-013484,,,,
0001665160-25-001174,,,,
0001665160-25-001172,,,,
0002063604-25-000105,,,,
0002063604-25-000104,,,,
0002071246-25-000001,,,,
0001669191-25-000375,,,,
0001665160-25-001170,,,,
0002008188-25-000003,,,,
0001817571-25-000001,,,,
0002063604-25-000103,,,,
0002063604-25-000102,,,,
0002063604-25-000101,,,,
0002063604-25-000100,,,,
0002063604-25-000099,,,,
0002063604-25-000098,,,,
0002063604-25-000097,,,,
0002063604-25-000096,,,,
0002063604-25-000095,,,,
0002063604-25-000094,,,,
0002063604-25-000093,,,,
0001665160-25-001168,,,,
0002063604-25-000092,,,,
0002063604-25-000091,,,,
0002063604-25-000090,,,,
0002063604-25-000089,,,,
0002063604-25-000088,,,,
0002063604-25-000087,,,,
0002063604-25-000086,,,,
0002063604-25-000085,,,,
0002063604-25-000084,,,,
0002063604-25-000083,,,,
0001683892-25-000005,,,,
0001641172-25-013345,,,,
0002063604-25-000082,,,,
0002026753-25-000003,,,,
0001989495-25-000003,,,,
0002063604-25-000081,,,,
0002063604-25-000080,,,,
0001665160-25-001166,,,,
0001665160-25-001164,,,,
0001665160-25-001163,,,,
0002052474-25-000005,,,,
0001926863-25-000005,,,,
0001927612-25-000003,,,,
0001670254-25-000633,,,,
0001641172-25-013133,,,,
0001641172-25-013074,,,,
0001670254-25-000631,,,,
0001062993-25-010550,,,,
0002031525-25-000001,,,,
0001807742-25-000002,,,,
0001670254-25-000629,,,,
0001669191-25-000373,,,,
0002051420-25-000003,,,,
0001096906-25-000901,,,,
0002067432-25-000002,,,,
0001927612-25-000002,,,,
0002009422-25-000007,,,,
0002052584-25-000002,,,,
0001811482-25-000003,,,,
0001213900-25-049155,,,,
0001665160-25-001161,,,,
0001062993-25-010499,,,,
0001665160-25-001160,,,,
0002070831-25-000002,,,,
0002069656-25-000001,,,,
0001789113-25-000002,,,,
0001542172-25-000002,,,,
0001887950-25-000003,,,,
0001887950-25-000002,,,,
0002062402-25-000005,,,,
0001820902-25-000002,,,,
0001665160-25-001159,,,,
0001669191-25-000371,,,,
0001829126-25-004030,,,,
0001670254-25-000625,,,,
0001665160-25-001158,,,,
0001670254-25-000627,,,,
0001641172-25-012771,,,,
0001670254-25-000623,,,,
0002049499-25-000006,,,,
0001644600-25-000043,,,,
0001665160-25-001157,,,,
0002063604-25-000079,,,,
0002063604-25-000078,,,,
0002063604-25-000077,,,,
0002063604-25-000076,,,,
0002063604-25-000075,,,,
0002063604-25-000074,,,,
0002063604-25-000073,,,,
0002063604-25-000072,,,,
0002063604-25-000071,,,,
0001665160-25-001155,,,,
0001665160-25-001153,,,,
0001670254-25-000617,,,,
0002049499-25-000005,,,,
0001670254-25-000621,,,,
0001670254-25-000619,,,,
0001962127-25-000006,,,,
0001670254-25-000615,,,,
0002068540-25-000001,,,,
0001669191-25-000369,,,,
0001665160-25-001150,,,,
0002063604-25-000070,,,,
0002063604-25-000069,,,,
0001669191-25-000367,,,,
0001665160-25-001147,,,,
0002063604-25-000068,,,,
0002063604-25-000067,,,,
0002050865-25-000003,,,,
0002050865-25-000002,,,,
0001670254-25-000612,,,,
0001670254-25-000611,,,,
0001670254-25-000610,,,,
0001641172-25-012344,,,,
0001096906-25-000887,,,,
0002041292-25-000001,,,,
0001670254-25-000608,,,,
0001665160-25-001144,,,,
0001140361-25-020341,,,,
0001873218-25-000002,,,,
0001761779-25-000012,,,,
0001761779-25-000010,,,,
0001761779-25-000009,,,,
0001761779-25-000008,,,,
0001761779-25-000007,,,,
0001761779-25-000005,,,,
0001096906-25-000882,,,,
0001062993-25-010173,,,,
0001761779-25-000003,,,,
0001761779-25-000001,,,,
0001376474-25-000493,,,,
0002068816-25-000001,,,,
0001641172-25-012053,,,,
0001821120-25-000001,,,,
0001807583-25-000002,,,,
0001099910-25-000154,,,,
0001670254-25-000607,,,,
0001665160-25-001133,,,,
0002063604-25-000066,,,,
0001962127-25-000004,,,,
0002045046-25-000005,,,,
0001670254-25-000604,,,,
0001665160-25-001131,,,,
0002053453-25-000007,,,,
0001665160-25-001130,,,,
0001665160-25-001129,,,,
0001736388-25-000002,,,,
0001670254-25-000603,,,,
0001670254-25-000601,,,,
0001665160-25-001128,,,,
0001683168-25-003910,,,,
0001213900-25-046407,,,,
0001665160-25-001126,,,,
0002063604-25-000065,,,,
0002063604-25-000064,,,,
0002063604-25-000063,,,,
0001665160-25-001123,,,,
0002040359-25-000003,,,,
0001670254-25-000599,,,,
0001818986-25-000002,,,,
0001670254-25-000597,,,,
0001139685-25-000005,,,,
0001760404-25-000005,,,,
0002063604-25-000062,,,,
0002063604-25-000061,,,,
0002063604-25-000060,,,,
0001665160-25-001121,,,,
0001669191-25-000365,,,,
0001665160-25-001120,,,,
0002069232-25-000001,,,,
0001139685-25-000003,,,,
0002021824-25-000003,,,,
0002063604-25-000059,,,,
0001665160-25-001117,,,,
0001641172-25-011656,,,,
0001641172-25-011653,,,,
0002062402-25-000004,,,,
0002063604-25-000058,,,,
0001665160-25-001115,,,,
0001665160-25-001113,,,,
0002063604-25-000057,,,,
0002063604-25-000056,,,,
0002063604-25-000055,,,,
0002063604-25-000054,,,,
0001998336-25-000006,,,,
0001998336-25-000005,,,,
0001096906-25-000850,,,,
0002063604-25-000053,,,,
0002063604-25-000052,,,,
0001998336-25-000002,,,,
0002063604-25-000051,,,,
0002063604-25-000050,,,,
0002020084-25-000002,,,,
0001665160-25-001111,,,,
0001665160-25-001109,,,,
0002063604-25-000049,,,,
0002008715-25-000002,,,,
0002008715-25-000001,,,,
0001665160-25-001107,,,,
0001641172-25-011330,,,,
0001670254-25-000593,,,,
0001665160-25-001105,,,,
0002066444-25-000001,,,,
0001670254-25-000591,,,,
0001665160-25-001104,,,,
0002028213-25-000001,,,,
0001888682-25-000002,,,,
0002045910-25-000001,,,,
0001670254-25-000585,,,,
0001670254-25-000586,,,,
0001670254-25-000584,,,,
0001670254-25-000588,,,,
0002061553-25-000002,,,,
0001641172-25-010770,,,,
0002066364-25-000001,,,,
0002022919-25-000004,,,,
0002022919-25-000002,,,,
0001665160-25-001101,,,,
0002052148-25-000005,,,,
0002063604-25-000048,,,,
0002068151-25-000001,,,,
0001665160-25-001099,,,,
0001665160-25-001098,,,,
0001644600-25-000042,,,,
0001830612-25-000002,,,,
0001670254-25-000582,,,,
0001665160-25-001097,,,,
0001670254-25-000580,,,,
0001665160-25-001096,,,,
0001917980-25-000005,,,,
0001850257-25-000001,,,,
0001917980-25-000004,,,,
0002063604-25-000046,,,,
0002063604-25-000044,,,,
0002063604-25-000043,,,,
0001739450-25-000005,,,,
0001665160-25-001094,,,,
0001062993-25-009225,,,,
0001669191-25-000363,,,,
0001669191-25-000362,,,,
0001665160-25-001093,,,,
0002067432-25-000001,,,,
0001665160-25-001091,,,,
0001017386-25-000064,,,,
0001665160-25-001089,,,,
0001665160-25-001087,,,,
0001863991-25-000003,,,,
0001863991-25-000001,,,,
0001868907-25-000001,,,,
0001965001-25-000001,,,,
0001665160-25-001085,,,,
0002063441-25-000001,,,,
0001670254-25-000579,,,,
0001477932-25-003554,,,,
0001062993-25-009099,,,,
0001665160-25-001082,,,,
0001665160-25-001080,,,,
0001665160-25-001077,,,,
0001665160-25-001075,,,,
0001665160-25-001072,,,,
0002063604-25-000042,,,,
0002063604-25-000041,,,,
0002063604-25-000040,,,,
0001665160-25-001070,,,,
0002063604-25-000038,,,,
0002063604-25-000037,,,,
0002063604-25-000036,,,,
0002063604-25-000035,,,,
0002063604-25-000034,,,,
0002063604-25-000033,,,,
0002063604-25-000032,,,,
0002063604-25-000031,,,,
0002030487-25-000003,,,,
0002060093-25-000002,,,,
0001998280-25-000002,,,,
0002063604-25-000030,,,,
0002033071-25-000001,,,,
0001096906-25-000736,,,,
0001665160-25-001063,,,,
0001665160-25-001064,,,,
0001665160-25-001067,,,,
0001665160-25-001062,,,,
0001665160-25-001065,,,,
0001665160-25-001068,,,,
0001670254-25-000576,,,,
0001665160-25-001069,,,,
0001665160-25-001066,,,,
0001665160-25-001061,,,,
0001665160-25-001060,,,,
0001665160-25-001059,,,,
0001665160-25-001058,,,,
0001665160-25-001057,,,,
0001829126-25-003529,,,,
0001665160-25-001056,,,,
0001670254-25-000572,,,,
0001665160-25-001055,,,,
0001062993-25-008975,,,,
0001665160-25-001048,,,,
0001665160-25-001047,,,,
0001665160-25-001046,,,,
0001665160-25-001044,,,,
0001665160-25-001043,,,,
0001665160-25-001042,,,,
0001665160-25-001041,,,,
0001665160-25-001040,,,,
0001665160-25-001039,,,,
0001665160-25-001038,,,,
0001739450-25-000003,,,,
0001665160-25-001036,,,,
0001670254-25-000568,,,,
0002063604-25-000029,,,,
0001096906-25-000728,,,,
0001665160-25-001037,,,,
0001670254-25-000570,,,,
0001665160-25-001035,,,,
0001665160-25-001034,,,,
0001096906-25-000726,,,,
0001665160-25-001033,,,,
0001665160-25-001032,,,,
0001665160-25-001031,,,,
0001665160-25-001030,,,,
0001665160-25-001029,,,,
0001665160-25-001028,,,,
0001641172-25-009237,,,,
0002055358-25-000003,,,,
0002055358-25-000002,,,,
0001669191-25-000358,,,,
0001765330-25-000002,,,,
0001765330-25-000001,,,,
0001871680-25-000008,,,,
0001139020-25-000109,,,,
0002021397-25-000001,,,,
0001665160-25-001027,,,,
0001943908-25-000002,,,,
0002063604-25-000028,,,,
0001062993-25-008843,,,,
0001774765-25-000009,,,,
0001774765-25-000008,,,,
0001774765-25-000007,,,,
0001903644-25-000002,,,,
0001140361-25-017872,,,,
0001870874-25-000004,,,,
0001062993-25-008813,,,,
0001670254-25-000567,,,,
0001665160-25-001026,,,,
0001670254-25-000564,,,,
0002062402-25-000003,,,,
0001670254-25-000565,,,,
0001669191-25-000354,,,,
0001669191-25-000353,,,,
0001669191-25-000352,,,,
0001669191-25-000351,,,,
0002026753-25-000002,,,,
0001669191-25-000350,,,,
0001669191-25-000349,,,,
0001669191-25-000348,,,,
0001669191-25-000347,,,,
0001669191-25-000342,,,,
0001669191-25-000340,,,,
0001669191-25-000339,,,,
0001669191-25-000338,,,,
0001669191-25-000337,,,,
0001774765-25-000004,,,,
0001670254-25-000563,,,,
0001669191-25-000332,,,,
0001669191-25-000331,,,,
0001669191-25-000330,,,,
0001669191-25-000329,,,,
0001670254-25-000562,,,,
0001669191-25-000324,,,,
0001669191-25-000323,,,,
0001669191-25-000322,,,,
0001669191-25-000321,,,,
0001665160-25-001023,,,,
0001665160-25-001022,,,,
0002053453-25-000005,,,,
0001665160-25-001020,,,,
0002034501-25-000005,,,,
0001796599-25-000002,,,,
0001655808-25-000006,,,,
0001655808-25-000005,,,,
0001655808-25-000004,,,,
0001655808-25-000003,,,,
0002063604-25-000027,,,,
0002063604-25-000026,,,,
0002063604-25-000025,,,,
0002063604-25-000024,,,,
0002063604-25-000023,,,,
0001666102-25-000026,,,,
0001665160-25-001018,,,,
0001871680-25-000006,,,,
0001670254-25-000560,,,,
0001669191-25-000316,,,,
0001669191-25-000315,,,,
0001669191-25-000314,,,,
0002063604-25-000022,,,,
0001670254-25-000558,,,,
0001670254-25-000557,,,,
0001665160-25-001017,,,,
0001665160-25-001016,,,,
0001665160-25-001015,,,,
0001818804-25-000004,,,,
0001818804-25-000003,,,,
0001811504-25-000002,,,,
0001665160-25-001014,,,,
0001665160-25-001011,,,,
0001665160-25-001008,,,,
0001670254-25-000556,,,,
0001665160-25-001006,,,,
0001665160-25-001004,,,,
0002029197-25-000003,,,,
0001665160-25-001002,,,,
0002040359-25-000002,,,,
0001670254-25-000555,,,,
0001669191-25-000310,,,,
0002066702-25-000001,,,,
0001665160-25-000999,,,,
0001875092-25-000004,,,,
0001670254-25-000553,,,,
0001906867-25-000001,,,,
0001952064-25-000004,,,,
0001646921-25-000002,,,,
0001669191-25-000305,,,,
0001669191-25-000304,,,,
0002017096-25-000001,,,,
0002036985-25-000004,,,,
0002025433-25-000001,,,,
0001665160-25-000997,,,,
0001213900-25-039668,,,,
0001670254-25-000549,,,,
0001907993-25-000003,,,,
0001907993-25-000002,,,,
0002032789-25-000001,,,,
0001669191-25-000300,,,,
0001644600-25-000041,,,,
0002047937-25-000001,,,,
0001665160-25-000993,,,,
0001871680-25-000002,,,,
0002066043-25-000001,,,,
0001140361-25-017232,,,,
0001683168-25-003096,,,,
0001665160-25-000991,,,,
0001644600-25-000040,,,,
0001665160-25-000990,,,,
0001670254-25-000542,,,,
0001575872-25-000314,,,,
0001644600-25-000039,,,,
0001665160-25-000988,,,,
0001665160-25-000986,,,,
0001853832-25-000002,,,,
0001665160-25-000985,,,,
0001665160-25-000983,,,,
0001665160-25-000982,,,,
0001665160-25-000981,,,,
0001665160-25-000980,,,,
0001665160-25-000979,,,,
0001665160-25-000978,,,,
0001665160-25-000977,,,,
0001213900-25-039119,,,,
0001665160-25-000976,,,,
0001665160-25-000975,,,,
0001665160-25-000974,,,,
0002027143-25-000001,,,,
0001714989-25-000001,,,,
0001665160-25-000973,,,,
0001910990-25-000002,,,,
0001665160-25-000970,,,,
0001665160-25-000969,,,,
0001942766-25-000002,,,,
0001670254-25-000540,,,,
0001665160-25-000965,,,,
0001665160-25-000964,,,,
0001961439-25-000006,,,,
0001961439-25-000004,,,,
0001961439-25-000002,,,,
0001096906-25-000668,,,,
0002030421-25-000001,,,,
0001926863-25-000004,,,,
0001665160-25-000963,,,,
0002039845-25-000003,,,,
0001963747-25-000004,,,,
0002039845-25-000002,,,,
0001665160-25-000961,,,,
0001665160-25-000959,,,,
0001665160-25-000957,,,,
0001670254-25-000538,,,,
0002038986-25-000003,,,,
0002035902-25-000003,,,,
0001963716-25-000003,,,,
0001213900-25-038610,,,,
0001665160-25-000955,,,,
0001665160-25-000953,,,,
0001644600-25-000038,,,,
0001665160-25-000951,,,,
0001665160-25-000948,,,,
0001665160-25-000946,,,,
0001829126-25-003273,,,,
0001665160-25-000944,,,,
0001096906-25-000662,,,,
0001665160-25-000941,,,,
0001932835-25-000001,,,,
0001644600-25-000037,,,,
0001926863-25-000003,,,,
0001755802-25-000002,,,,
0001665160-25-000936,,,,
0001665160-25-000934,,,,
0001665160-25-000932,,,,
0001665160-25-000931,,,,
0001665160-25-000930,,,,
0002045046-25-000004,,,,
0001665160-25-000929,,,,
0001920741-25-000001,,,,
0001665160-25-000927,,,,
0001665160-25-000925,,,,
0001665160-25-000923,,,,
0001665160-25-000921,,,,
0002063604-25-000021,,,,
0001670254-25-000537,,,,
0001665160-25-000919,,,,
0002063604-25-000020,,,,
0001994991-25-000001,,,,
0001665160-25-000918,,,,
0002000727-25-000001,,,,
0002066072-25-000001,,,,
0001861670-25-000002,,,,
0001665160-25-000914,,,,
0002063604-25-000019,,,,
0002063604-25-000018,,,,
0001477932-25-003186,,,,
0001062993-25-008270,,,,
0001062993-25-008268,,,,
0001821982-25-000007,,,,
0001670254-25-000532,,,,
0001213900-25-037877,,,,
0001670254-25-000536,,,,
0001641172-25-007919,,,,
0001391267-25-000003,,,,
0001670254-25-000529,,,,
0002007865-25-000001,,,,
0001976638-25-000003,,,,
0002034524-25-000001,,,,
0001670254-25-000528,,,,
0001585132-25-000002,,,,
0001683168-25-003012,,,,
0001787792-25-000004,,,,
0001665160-25-000903,,,,
0002008595-25-000002,,,,
0001104659-25-042744,,,,
0002020731-25-000004,,,,
0001797918-25-000001,,,,
0001213900-25-037861,,,,
0001670254-25-000534,,,,
0001837613-25-000002,,,,
0001213900-25-037863,,,,
0001926863-25-000002,,,,
0001213900-25-037867,,,,
0001665160-25-000909,,,,
0001213900-25-037920,,,,
0001062993-25-008262,,,,
0001665160-25-000910,,,,
0001665160-25-000912,,,,
0001670254-25-000535,,,,
0001213900-25-037938,,,,
0001853832-25-000001,,,,
0002043486-25-000002,,,,
0001062993-25-008264,,,,
0001062993-25-008260,,,,
0001665160-25-000907,,,,
0002049538-25-000002,,,,
0001670254-25-000531,,,,
0001641172-25-007915,,,,
0001665160-25-000902,,,,
0001985093-25-000002,,,,
0001477932-25-003168,,,,
0001644600-25-000036,,,,
0001683168-25-003009,,,,
0001665160-25-000901,,,,
0002063604-25-000017,,,,
0001644600-25-000035,,,,
0002063604-25-000016,,,,
0002063604-25-000014,,,,
0001665160-25-000898,,,,
0001622824-25-000001,,,,
0002018221-25-000001,,,,
0001738836-25-000001,,,,
0002051960-25-000002,,,,
0001665160-25-000894,,,,
0001665160-25-000892,,,,
0001907870-25-000001,,,,
0001665160-25-000891,,,,
0002032099-25-000003,,,,
0001793782-25-000001,,,,
0001641172-25-007793,,,,
0002032099-25-000002,,,,
0002020332-25-000002,,,,
0002032099-25-000001,,,,
0001666102-25-000025,,,,
0001665160-25-000889,,,,
0001644600-25-000034,,,,
0001670254-25-000527,,,,
0001376474-25-000419,,,,
0001644600-25-000033,,,,
0001669191-25-000298,,,,
0001666102-25-000024,,,,
0002012810-25-000003,,,,
0001670254-25-000524,,,,
0001670254-25-000525,,,,
0001746397-25-000001,,,,
0001670254-25-000523,,,,
0001665160-25-000888,,,,
0001952616-25-000004,,,,
0001644600-25-000032,,,,
0002004428-25-000002,,,,
0002063878-25-000001,,,,
0001835500-25-000004,,,,
0002004428-25-000001,,,,
0001644600-25-000031,,,,
0001737022-25-000002,,,,
0001104659-25-042410,,,,
0001818274-25-000016,,,,
0002024796-25-000004,,,,
0001665160-25-000885,,,,
0001665160-25-000883,,,,
0002063604-25-000013,,,,
0002024796-25-000003,,,,
0001665160-25-000880,,,,
0001670254-25-000519,,,,
0001666102-25-000023,,,,
0002024796-25-000002,,,,
0001670254-25-000518,,,,
0001214659-25-006670,,,,
0001811504-25-000001,,,,
0002024796-25-000001,,,,
0001213900-25-037473,,,,
0001960816-25-000004,,,,
0001665160-25-000878,,,,
0002019120-25-000001,,,,
0001670254-25-000517,,,,
0001665160-25-000876,,,,
0001665160-25-000874,,,,
0001670254-25-000515,,,,
0001644600-25-000030,,,,
0002063604-25-000012,,,,
0001960816-25-000003,,,,
0001959407-25-000002,,,,
0001665160-25-000871,,,,
0002063604-25-000011,,,,
0001670254-25-000514,,,,
0001818274-25-000015,,,,
0001683892-25-000003,,,,
0001669191-25-000297,,,,
0001665160-25-000869,,,,
0001960816-25-000002,,,,
0002049148-25-000002,,,,
0002010670-25-000006,,,,
0002010670-25-000004,,,,
0001947821-25-000002,,,,
0002034034-25-000001,,,,
0001665160-25-000868,,,,
0001818274-25-000013,,,,
0001670254-25-000513,,,,
0001760404-25-000004,,,,
0001669191-25-000296,,,,
0001666102-25-000022,,,,
0001665160-25-000866,,,,
0001666102-25-000021,,,,
0002063604-25-000010,,,,
0001665160-25-000864,,,,
0001665160-25-000863,,,,
0002063604-25-000009,,,,
0001665160-25-000862,,,,
0001896461-25-000003,,,,
0001818274-25-000012,,,,
0001979363-25-000010,,,,
0001896461-25-000002,,,,
0001669191-25-000295,,,,
0001666102-25-000020,,,,
0001979363-25-000009,,,,
0001665160-25-000861,,,,
0001665160-25-000860,,,,
0001670254-25-000511,,,,
0001666102-25-000019,,,,
0001979363-25-000008,,,,
0001922137-25-000002,,,,
0001665160-25-000859,,,,
0002063604-25-000008,,,,
0001665160-25-000857,,,,
0002063604-25-000007,,,,
0002030117-25-000003,,,,
0001665160-25-000856,,,,
0001665160-25-000854,,,,
0002030117-25-000002,,,,
0001818274-25-000010,,,,
0001096906-25-000634,,,,
0002034501-25-000004,,,,
0001979363-25-000007,,,,
0001670254-25-000509,,,,
0001665160-25-000850,,,,
0002030174-25-000001,,,,
0001979363-25-000006,,,,
0002038986-25-000002,,,,
0001979363-25-000005,,,,
0001818274-25-000009,,,,
0001670254-25-000508,,,,
0001979363-25-000004,,,,
0001952064-25-000003,,,,
0001979363-25-000002,,,,
0001818274-25-000008,,,,
0001062993-25-008239,,,,
0001979363-25-000001,,,,
0001670254-25-000507,,,,
0001062993-25-008238,,,,
0001062993-25-008236,,,,
0001062993-25-008233,,,,
0001670254-25-000505,,,,
0002008188-25-000002,,,,
0001062993-25-008228,,,,
0001760855-25-000004,,,,
0001666102-25-000018,,,,
0001690888-25-000001,,,,
0001666102-25-000017,,,,
0001062993-25-008222,,,,
0001665160-25-000846,,,,
0001641172-25-006778,,,,
0001665160-25-000844,,,,
0001665160-25-000842,,,,
0001665160-25-000840,,,,
0001665160-25-000838,,,,
0001989245-25-000001,,,,
0001665160-25-000836,,,,
0001986159-25-000001,,,,
0001670254-25-000492,,,,
0001670254-25-000491,,,,
0001844202-25-000002,,,,
0001670254-25-000497,,,,
0001670254-25-000496,,,,
0001844202-25-000003,,,,
0002022667-25-000002,,,,
0001683168-25-002959,,,,
0001986159-25-000003,,,,
0002046190-25-000002,,,,
0001641172-25-006742,,,,
0001670254-25-000504,,,,
0002049499-25-000003,,,,
0001213900-25-037004,,,,
0001670254-25-000501,,,,
0001670254-25-000499,,,,
0001670254-25-000494,,,,
0001665160-25-000835,,,,
0001665160-25-000834,,,,
0002045384-25-000001,,,,
0001213900-25-036907,,,,
0001669191-25-000294,,,,
0001669191-25-000293,,,,
0001644600-25-000029,,,,
0001665160-25-000833,,,,
0001665160-25-000832,,,,
0001670254-25-000490,,,,
0001796599-25-000001,,,,
0001896296-25-000003,,,,
0001670254-25-000489,,,,
0001828718-25-000002,,,,
0001669191-25-000290,,,,
0001760855-25-000003,,,,
0001644600-25-000028,,,,
0001670254-25-000488,,,,
0001665160-25-000831,,,,
0001665160-25-000830,,,,
0002020502-25-000002,,,,
0002020502-25-000001,,,,
0001665160-25-000829,,,,
0001665160-25-000828,,,,
0001641172-25-006637,,,,
0001665160-25-000827,,,,
0001665160-25-000826,,,,
0002004530-25-000001,,,,
0001665160-25-000825,,,,
0001665160-25-000823,,,,
0001665160-25-000822,,,,
0001665160-25-000820,,,,
0001670254-25-000484,,,,
0001665160-25-000818,,,,
0001665160-25-000816,,,,
0001665160-25-000814,,,,
0001665160-25-000813,,,,
0001644600-25-000027,,,,
0001665160-25-000812,,,,
0001665160-25-000811,,,,
0001669191-25-000286,,,,
0001665160-25-000809,,,,
0001665160-25-000808,,,,
0001941204-25-000001,,,,
0001665160-25-000806,,,,
0001665160-25-000805,,,,
0001670254-25-000482,,,,
0001670254-25-000481,,,,
0001974874-25-000003,,,,
0001139020-25-000090,,,,
0001139020-25-000088,,,,
0002036963-25-000002,,,,
0002036963-25-000001,,,,
0001974874-25-000001,,,,
0001555127-25-000005,,,,
0002024060-25-000003,,,,
0001670254-25-000479,,,,
0002028792-25-000003,,,,
0001665160-25-000803,,,,
0001096906-25-000619,,,,
0001555127-25-000004,,,,
0001665160-25-000800,,,,
0001096906-25-000616,,,,
0001641172-25-006618,,,,
0001939505-25-000002,,,,
0002028792-25-000002,,,,
0001062993-25-008158,,,,
0001972057-25-000002,,,,
0001670254-25-000475,,,,
0001866542-25-000005,,,,
0001666102-25-000016,,,,
0001666102-25-000015,,,,
0001634025-25-000001,,,,
0001972057-25-000001,,,,
0001939505-25-000001,,,,
0001666102-25-000014,,,,
0001670254-25-000474,,,,
0001866542-25-000003,,,,
0001979102-25-000002,,,,
0001666102-25-000013,,,,
0002063604-25-000006,,,,
0001062993-25-008152,,,,
0001665160-25-000797,,,,
0001991258-25-000003,,,,
0001665160-25-000795,,,,
0001062993-25-008146,,,,
0001669191-25-000284,,,,
0001670254-25-000472,,,,
0001062993-25-008143,,,,
0002013107-25-000002,,,,
0001665160-25-000792,,,,
0001670254-25-000471,,,,
0001099910-25-000138,,,,
0001829126-25-003016,,,,
0001670254-25-000464,,,,
0001665160-25-000789,,,,
0001670254-25-000467,,,,
0001670254-25-000469,,,,
0001781973-25-000001,,,,
0001670254-25-000463,,,,
0001665160-25-000790,,,,
0002065594-25-000001,,,,
0001213900-25-036185,,,,
0001670254-25-000461,,,,
0001669191-25-000281,,,,
0001665160-25-000788,,,,
0001665160-25-000787,,,,
0001670254-25-000460,,,,
0001670254-25-000459,,,,
0001510171-25-000003,,,,
0001726003-25-000001,,,,
0001665160-25-000786,,,,
0001665160-25-000785,,,,
0001670254-25-000456,,,,
0001670254-25-000454,,,,
0001670254-25-000452,,,,
0001665160-25-000783,,,,
0001665160-25-000782,,,,
0001665160-25-000780,,,,
0001670254-25-000450,,,,
0002014005-25-000001,,,,
0001670254-25-000449,,,,
0002033917-25-000001,,,,
0001959002-25-000002,,,,
0001670254-25-000448,,,,
0002063604-25-000005,,,,
0001735613-25-000001,,,,
0001835500-25-000003,,,,
0001903644-25-000001,,,,
0001665160-25-000778,,,,
0001666102-25-000012,,,,
0001670254-25-000446,,,,
0001666102-25-000011,,,,
0002060792-25-000004,,,,
0002019088-25-000004,,,,
0001881536-25-000002,,,,
0001760855-25-000002,,,,
0001670254-25-000442,,,,
0001670254-25-000441,,,,
0001670254-25-000440,,,,
0001726537-25-000001,,,,
0002012683-25-000005,,,,
0001670254-25-000445,,,,
0001670254-25-000443,,,,
0001670254-25-000444,,,,
0001670254-25-000435,,,,
0001670254-25-000434,,,,
0001777982-25-000003,,,,
0001062993-25-007991,,,,
0001958043-25-000001,,,,
0001670254-25-000433,,,,
0001670254-25-000431,,,,
0001835500-25-000002,,,,
0001978309-25-000003,,,,
0001665160-25-000772,,,,
0001973591-25-000008,,,,
0001670254-25-000429,,,,
0001973591-25-000007,,,,
0001973591-25-000006,,,,
0001665160-25-000769,,,,
0001670254-25-000428,,,,
0001670254-25-000427,,,,
0001849552-25-000003,,,,
0001691595-25-000002,,,,
0001665160-25-000767,,,,
0001849552-25-000002,,,,
0001533704-25-000001,,,,
0001670254-25-000426,,,,
0001644600-25-000026,,,,
0001670254-25-000424,,,,
0002008640-25-000003,,,,
0001670254-25-000422,,,,
0002008640-25-000002,,,,
0001062993-25-007968,,,,
0001819194-25-000001,,,,
0001644600-25-000025,,,,
0001062993-25-007964,,,,
0001099910-25-000135,,,,
0001644600-25-000024,,,,
0001213900-25-035237,,,,
0001993580-25-000001,,,,
0001670254-25-000418,,,,
0001096906-25-000583,,,,
0001670254-25-000419,,,,
0001213900-25-035172,,,,
0001017386-25-000056,,,,
0001670254-25-000417,,,,
0001670254-25-000416,,,,
0001665160-25-000765,,,,
0001665160-25-000763,,,,
0001641172-25-006014,,,,
0002063604-25-000004,,,,
0001670254-25-000415,,,,
0001670254-25-000414,,,,
0001665160-25-000761,,,,
0001096906-25-000577,,,,
0001665160-25-000759,,,,
0001665160-25-000758,,,,
0002022795-25-000001,,,,
0001738427-25-000001,,,,
0001670254-25-000412,,,,
0001670254-25-000411,,,,
0001851385-25-000001,,,,
0002063604-25-000003,,,,
0002063604-25-000002,,,,
0001670254-25-000410,,,,
0001670254-25-000408,,,,
0001140361-25-015305,,,,
0001213900-25-034759,,,,
0001963747-25-000003,,,,
0001670254-25-000406,,,,
0001665160-25-000756,,,,
0001665160-25-000754,,,,
0001641172-25-005893,,,,
0001665160-25-000751,,,,
0001665160-25-000750,,,,
0001670254-25-000404,,,,
0001670254-25-000402,,,,
0001947088-25-000001,,,,
0001665160-25-000748,,,,
0002065339-25-000001,,,,
0001665160-25-000746,,,,
0001973591-25-000003,,,,
0001830829-25-000002,,,,
0001670254-25-000401,,,,
0001670254-25-000399,,,,
0002020731-25-000002,,,,
0001993754-25-000001,,,,
0001893890-25-000001,,,,
0001670254-25-000397,,,,
0002035648-25-000001,,,,
0001789811-25-000003,,,,
0001789811-25-000002,,,,
0001670254-25-000396,,,,
0001665160-25-000744,,,,
0001665160-25-000743,,,,
0002001857-25-000008,,,,
0001213900-25-034242,,,,
0002001857-25-000007,,,,
0001665160-25-000741,,,,
0001665160-25-000740,,,,
0002065336-25-000001,,,,
0002062177-25-000001,,,,
0001665160-25-000739,,,,
0001665160-25-000738,,,,
0002001857-25-000006,,,,
0002055191-25-000003,,,,
0001683892-25-000002,,,,
0001669191-25-000278,,,,
0002031364-25-000007,,,,
0001665160-25-000735,,,,
0001665160-25-000732,,,,
0002031364-25-000006,,,,
0002031364-25-000005,,,,
0002031364-25-000004,,,,
0002031364-25-000003,,,,
0001669191-25-000275,,,,
0002031364-25-000002,,,,
0002031364-25-000001,,,,
0002007364-25-000001,,,,
0001670254-25-000393,,,,
0001986571-25-000003,,,,
0002012683-25-000002,,,,
0001956001-25-000007,,,,
0001665160-25-000730,,,,
0001665160-25-000729,,,,
0002046827-25-000006,,,,
0002035755-25-000004,,,,
0001099910-25-000130,,,,
0001666102-25-000010,,,,
0001666102-25-000009,,,,
0002035755-25-000003,,,,
0002035755-25-000002,,,,
0002035755-25-000001,,,,
0001670254-25-000392,,,,
0002063604-25-000001,,,,
0001666102-25-000008,,,,
0001666102-25-000007,,,,
0001665160-25-000728,,,,
0001670254-25-000388,,,,
0001665160-25-000726,,,,
0001670254-25-000386,,,,
0001670254-25-000390,,,,
0002065046-25-000001,,,,
0001665160-25-000724,,,,
0001665160-25-000723,,,,
0001665160-25-000722,,,,
0001665160-25-000721,,,,
0001665160-25-000720,,,,
0001665160-25-000719,,,,
0001665160-25-000718,,,,
0001665160-25-000717,,,,
0001670254-25-000385,,,,
0002062402-25-000001,,,,
0001665160-25-000716,,,,
0001665160-25-000715,,,,
0002056010-25-000004,,,,
0002056010-25-000003,,,,
0001670254-25-000384,,,,
0001665160-25-000713,,,,
0001665160-25-000711,,,,
0001665160-25-000709,,,,
0001669191-25-000273,,,,
0001665160-25-000706,,,,
0002063804-25-000002,,,,
0002063804-25-000001,,,,
0001736664-25-000001,,,,
0001665160-25-000702,,,,
0001670254-25-000379,,,,
0001670254-25-000380,,,,
0001665160-25-000700,,,,
0001670254-25-000382,,,,
0001096906-25-000543,,,,
0001641172-25-005303,,,,
0002052474-25-000004,,,,
0001670254-25-000377,,,,
0001665160-25-000699,,,,
0001665160-25-000698,,,,
0001670254-25-000376,,,,
0001331332-25-000003,,,,
0001062993-25-007627,,,,
0001670254-25-000375,,,,
0002009814-25-000002,,,,
0002009814-25-000001,,,,
0001669191-25-000272,,,,
0001670254-25-000374,,,,
0001665160-25-000696,,,,
0001062993-25-007622,,,,
0001870611-25-000004,,,,
0002032653-25-000003,,,,
0002032653-25-000002,,,,
0002007209-25-000003,,,,
0002008980-25-000001,,,,
0002007209-25-000001,,,,
0001996759-25-000006,,,,
0001996759-25-000004,,,,
0001665160-25-000693,,,,
0001669191-25-000269,,,,
0001062993-25-007617,,,,
0001670254-25-000373,,,,
0001665160-25-000690,,,,
0001669191-25-000266,,,,
0001665160-25-000688,,,,
0001665160-25-000687,,,,
0001665160-25-000686,,,,
0001665160-25-000685,,,,
0001665160-25-000684,,,,
0001670254-25-000372,,,,
0001670254-25-000371,,,,
0001670254-25-000370,,,,
0001096906-25-000530,,,,
0001670254-25-000368,,,,
0001665160-25-000683,,,,
0001477932-25-002788,,,,
0001665160-25-000682,,,,
0001665160-25-000680,,,,
0001670254-25-000367,,,,
0001670254-25-000366,,,,
0002019885-25-000002,,,,
0001709244-25-000002,,,,
0001670254-25-000365,,,,
0001665160-25-000678,,,,
0001665160-25-000677,,,,
0001665160-25-000675,,,,
0001716974-25-000002,,,,
0002064198-25-000001,,,,
0002010151-25-000002,,,,
0001665160-25-000671,,,,
0002063914-25-000002,,,,
0001923441-25-000002,,,,
0001665160-25-000669,,,,
0001665160-25-000667,,,,
0001665160-25-000666,,,,
0001477932-25-002741,,,,
0001665160-25-000665,,,,
0001920292-25-000002,,,,
0001920292-25-000001,,,,
0002063605-25-000001,,,,
0001665160-25-000663,,,,
0002038139-25-000002,,,,
0001669191-25-000264,,,,
0002049492-25-000004,,,,
0002036985-25-000003,,,,
0002010670-25-000002,,,,
0001062993-25-007483,,,,
0001670254-25-000364,,,,
0001670254-25-000363,,,,
0002029197-25-000002,,,,
0001670254-25-000362,,,,
0002061068-25-000004,,,,
0002061068-25-000003,,,,
0001665160-25-000661,,,,
0001665160-25-000658,,,,
0001062993-25-007441,,,,
0001665160-25-000656,,,,
0001963747-25-000002,,,,
0002000970-25-000001,,,,
0001665160-25-000653,,,,
0001644600-25-000023,,,,
0002059910-25-000004,,,,
0001665160-25-000650,,,,
0001665160-25-000648,,,,
0002058988-25-000004,,,,
0001666102-25-000006,,,,
0001666102-25-000005,,,,
0001665160-25-000646,,,,
0001062993-25-007400,,,,
0001665160-25-000642,,,,
0001760404-25-000003,,,,
0002063914-25-000001,,,,
0001665160-25-000641,,,,
0002055679-25-000004,,,,
0001665160-25-000639,,,,
0002055679-25-000003,,,,
0001670254-25-000361,,,,
0001665160-25-000638,,,,
0001665160-25-000636,,,,
0001665160-25-000635,,,,
0001670254-25-000359,,,,
0001665160-25-000634,,,,
0001793646-25-000005,,,,
0001670254-25-000358,,,,
0001665160-25-000633,,,,
0001989839-25-000003,,,,
0001989839-25-000002,,,,
0001665160-25-000631,,,,
0001870874-25-000003,,,,
0001644600-25-000021,,,,
0001644600-25-000019,,,,
0001746480-25-000005,,,,
0001665160-25-000629,,,,
0001746480-25-000004,,,,
0001665160-25-000627,,,,
0001665160-25-000624,,,,
0001665160-25-000622,,,,
0001665160-25-000620,,,,
0001665160-25-000617,,,,
0001665160-25-000615,,,,
0002055679-25-000002,,,,
0001665160-25-000614,,,,
0001670254-25-000356,,,,
0001665160-25-000613,,,,
0001665160-25-000611,,,,
0001665160-25-000609,,,,
0002027681-25-000003,,,,
0001665160-25-000606,,,,
0001670254-25-000353,,,,
0001670254-25-000351,,,,
0001665160-25-000603,,,,
0001670254-25-000350,,,,
0001665160-25-000601,,,,
0001807742-25-000001,,,,
0001665160-25-000598,,,,
0001665160-25-000595,,,,
0001665160-25-000593,,,,
0002026753-25-000001,,,,
0002059568-25-000001,,,,
0002001196-25-000002,,,,
0002001159-25-000002,,,,
0001670254-25-000349,,,,
0001989095-25-000009,,,,
0001989095-25-000007,,,,
0001665160-25-000589,,,,
0001665160-25-000587,,,,
0001683168-25-002405,,,,
0001665160-25-000585,,,,
0001665160-25-000583,,,,
0001665160-25-000579,,,,
0001670254-25-000345,,,,
0001670254-25-000346,,,,
0001665160-25-000580,,,,
0001670254-25-000347,,,,
0001665160-25-000578,,,,
0001669191-25-000262,,,,
0001669191-25-000261,,,,
0001669191-25-000258,,,,
0001665160-25-000570,,,,
0001670254-25-000344,,,,
0001665160-25-000568,,,,
0001670254-25-000342,,,,
0001665160-25-000566,,,,
0001821195-25-000002,,,,
0001665160-25-000563,,,,
0001821195-25-000001,,,,
0001670254-25-000341,,,,
0001666025-25-000001,,,,
0001670254-25-000340,,,,
0001665160-25-000561,,,,
0001665160-25-000559,,,,
0001665160-25-000556,,,,
0001665160-25-000553,,,,
0001670254-25-000336,,,,
0001665160-25-000550,,,,
0002060792-25-000003,,,,
0001665160-25-000548,,,,
0001665160-25-000546,,,,
0001665160-25-000543,,,,
0001670254-25-000334,,,,
0001665160-25-000541,,,,
0001670254-25-000332,,,,
0001665160-25-000539,,,,
0001665160-25-000536,,,,
0001669191-25-000256,,,,
0001717109-25-000003,,,,
0001717109-25-000001,,,,
0001670254-25-000327,,,,
0001670254-25-000329,,,,
0002061810-25-000001,,,,
0001555127-25-000003,,,,
0001670254-25-000330,,,,
0002035878-25-000003,,,,
0001670254-25-000326,,,,
0001670254-25-000324,,,,
0001980806-25-000003,,,,
0001980806-25-000002,,,,
0001670254-25-000323,,,,
0002016816-25-000002,,,,
0002035878-25-000002,,,,
0001665160-25-000534,,,,
0001670254-25-000322,,,,
0001670254-25-000321,,,,
0002055060-25-000002,,,,
0001670254-25-000318,,,,
0001665160-25-000531,,,,
0001952170-25-000001,,,,
0002035878-25-000001,,,,
0002052148-25-000003,,,,
0001665160-25-000529,,,,
0001670254-25-000316,,,,
0001665160-25-000528,,,,
0002052841-25-000004,,,,
0002052841-25-000003,,,,
0002009571-25-000007,,,,
0001555127-25-000002,,,,
0001670254-25-000312,,,,
0001670254-25-000309,,,,
0001670254-25-000313,,,,
0001670254-25-000305,,,,
0001665160-25-000527,,,,
0002009571-25-000005,,,,
0001670254-25-000303,,,,
0002064005-25-000001,,,,
0001903204-25-000003,,,,
0001951496-25-000001,,,,
0001903204-25-000002,,,,
0001670254-25-000302,,,,
0001062993-25-007129,,,,
0001670254-25-000301,,,,
0002042549-25-000002,,,,
0001669191-25-000254,,,,
0001947784-25-000004,,,,
0001670254-25-000300,,,,
0001665160-25-000526,,,,
0001669191-25-000251,,,,
0001670254-25-000299,,,,
0001670254-25-000297,,,,
0001669191-25-000249,,,,
0001670254-25-000296,,,,
0001062993-25-007078,,,,
0001665160-25-000523,,,,
0001670254-25-000295,,,,
0001062993-25-007055,,,,
0001901009-25-000013,,,,
0001665160-25-000520,,,,
0002059502-25-000001,,,,
0001641172-25-002690,,,,
0002058988-25-000003,,,,
0001665160-25-000519,,,,
0002056010-25-000002,,,,
0002050967-25-000006,,,,
0002050824-25-000007,,,,
0002054901-25-000004,,,,
0001896328-25-000005,,,,
0002036841-25-000004,,,,
0002054162-25-000002,,,,
0002047457-25-000003,,,,
0002054005-25-000003,,,,
0002036841-25-000003,,,,
0001950933-25-000007,,,,
0001670254-25-000291,,,,
0001670254-25-000289,,,,
0001972948-25-000001,,,,
0001670254-25-000288,,,,
0002063606-25-000001,,,,
0001670254-25-000287,,,,
0002058947-25-000002,,,,
0001990079-25-000001,,,,
0001670254-25-000285,,,,
0001670254-25-000283,,,,
0002060792-25-000002,,,,
0001641172-25-002411,,,,
0001670254-25-000282,,,,
0001670254-25-000281,,,,
0001670254-25-000280,,,,
0002008726-25-000003,,,,
0002008726-25-000002,,,,
0001665160-25-000516,,,,
0001670254-25-000279,,,,
0001665160-25-000513,,,,
0001670254-25-000278,,,,
0001665160-25-000511,,,,
0002016846-25-000004,,,,
0002016846-25-000002,,,,
0001669191-25-000247,,,,
0001973860-25-000003,,,,
0001665160-25-000509,,,,
0001669191-25-000245,,,,
0001787792-25-000003,,,,
0001670254-25-000272,,,,
0001670254-25-000274,,,,
0001670254-25-000276,,,,
0001665160-25-000507,,,,
0001665160-25-000506,,,,
0001665160-25-000505,,,,
0001821982-25-000005,,,,
0002048122-25-000001,,,,
0002022041-25-000003,,,,
0002022041-25-000002,,,,
0001669191-25-000239,,,,
0001669191-25-000238,,,,
0001665160-25-000503,,,,
0001829126-25-002272,,,,
0002060962-25-000002,,,,
0001669191-25-000235,,,,
0001669191-25-000234,,,,
0002060962-25-000001,,,,
0001641172-25-001963,,,,
0001670254-25-000267,,,,
0001829126-25-002250,,,,
0001670254-25-000270,,,,
0001903596-25-000154,,,,
0001670254-25-000268,,,,
0001670254-25-000271,,,,
