submission_id,cik,filing_date,intermediary,portal
0001665160-25-001258,0002065437,20250630,,020-35950
0001669191-25-000401,0001955728,20250630,,020-35674
0001669191-25-000399,0002045208,20250630,,020-35271
0001665160-25-001256,0002068679,20250630,,020-36104
0001670254-25-000671,0002059521,20250630,,020-35827
0001665160-25-001254,0002044995,20250627,,020-35164
0001096906-25-001063,0001972942,20250627,,020-35847
0001831910-25-000002,0001831910,20250627,,020-36102
0002055679-25-000005,0002055679,20250627,,020-35528
0002074857-25-000001,0002074857,20250627,,020-36100
0001822620-25-000002,0001822620,20250627,,020-36096
0001822620-25-000005,0001864471,20250627,,020-36099
0002063604-25-000154,0002074976,20250626,,020-36094
0001062993-25-012170,0002017801,20250626,,020-35775
0001665160-25-001249,0001888699,20250626,,020-36093
0001733164-25-000004,0001733164,20250626,,020-36091
0001990151-25-000002,0001990151,20250626,,020-36090
0001665160-25-001246,0002068678,20250626,,020-36088
0001665160-25-001241,0001978166,20250626,,020-36087
0002061137-25-000004,0002061137,20250626,,020-36085
0001670254-25-000669,0002074630,20250626,,020-36083
0002055971-25-000004,0002055971,20250625,,020-35668
0001846920-25-000002,0001846920,20250625,,020-36082
0001670254-25-000668,0002066193,20250625,,020-35946
0002063604-25-000153,0002065740,20250625,,020-35870
0002063604-25-000152,0002067705,20250625,,020-35915
0002063604-25-000151,0002065667,20250625,,020-35823
0002063604-25-000150,0002065738,20250625,,020-35869
0001091818-25-000076,0001089104,20250625,,020-28835
0002024141-25-000005,0002024141,20250625,,020-34436
0002063604-25-000149,0001951290,20250625,,020-31380
0001665160-25-001237,0001894050,20250625,,020-36080
0002063604-25-000148,0002043207,20250625,,020-35899
0001670254-25-000665,0002071656,20250624,,020-36078
0002068524-25-000001,0002068524,20250624,,020-36077
0002074241-25-000001,0002074241,20250624,,020-36076
0001977788-25-000002,0001977788,20250624,,020-36075
0001096906-25-001025,0002068646,20250624,,020-36073
0002064142-25-000001,0002064142,20250624,,020-36071
0002011617-25-000005,0002011617,20250624,,020-36070
0002069232-25-000003,0002069232,20250624,,020-35921
0001641172-25-016264,0002041619,20250624,,020-34920
0002012810-25-000008,0002012810,20250624,,020-34281
0002042357-25-000004,0002042357,20250624,,020-36068
0001641172-25-016208,0002048893,20250624,,020-35311
0002068151-25-000002,0002068151,20250624,,020-35903
0001906867-25-000002,0001906867,20250624,,020-33249
0002063604-25-000147,0002071647,20250624,,020-36018
0001099910-25-000174,0002010670,20250623,,020-36066
0002073287-25-000002,0002073287,20250623,,020-36023
0002063604-25-000146,0002074293,20250623,,020-36064
0002063604-25-000145,0002074293,20250623,,020-36064
0001670254-25-000663,0002070139,20250623,,020-36063
0002042357-25-000002,0002042357,20250623,,020-36062
0001665160-25-001235,0001733353,20250623,,020-35711
0002063604-25-000144,0002072316,20250623,,020-36033
0001665160-25-001233,0002069679,20250623,,020-36060
0001923174-25-000005,0002040382,20250623,,020-36059
0002066043-25-000004,0002066043,20250623,,020-35857
0001665160-25-001231,0002045378,20250623,,020-35185
0001665160-25-001230,0001606242,20250623,,020-35071
0001665160-25-001229,0001777274,20250623,,020-35351
0002063604-25-000143,0002069689,20250623,,020-36057
0001641172-25-015982,0002065709,20250623,,020-35825
0002063604-25-000142,0002073286,20250623,,020-36024
0002047783-25-000002,0002047783,20250623,,020-36056
0001641172-25-015938,0002050552,20250620,,020-35357
0001641172-25-015935,0002046610,20250620,,020-35261
0001641172-25-015927,0002048893,20250620,,020-35311
0001641172-25-015921,0002054971,20250620,,020-35509
0001641172-25-015918,0002040283,20250620,,020-34870
0001641172-25-015902,0002040864,20250620,,020-34890
0001641172-25-015897,0002036399,20250620,,020-34728
0001641172-25-015892,0002032656,20250620,,020-34624
0001641172-25-015888,0002023018,20250620,,020-34245
0001641172-25-015879,0002021726,20250620,,020-34132
0001096906-25-000991,0002072148,20250620,,020-36054
0001981357-25-000003,0001981357,20250620,,020-36052
0001941410-25-000002,0001941410,20250620,,020-30856
0002063604-25-000141,0001785920,20250620,,020-36050
0002063604-25-000140,0002073411,20250620,,020-36049
0001665160-25-001228,0001978166,20250620,,020-32426
0001670254-25-000662,0001825224,20250620,,020-34287
0001665160-25-001226,0002059368,20250620,,020-35672
0002072081-25-000001,0002072081,20250620,,020-36048
0001062993-25-011923,0002032221,20250620,,020-34635
0002063604-25-000139,0002072326,20250620,,020-36035
0002063604-25-000137,0002071647,20250620,,020-36018
0002063604-25-000138,0002071647,20250620,,020-36018
0001670254-25-000661,0001802249,20250620,,020-36047
0002063604-25-000136,0002072325,20250618,,020-36046
0001096906-25-000979,0001972942,20250618,,020-35847
0001665160-25-001225,0002063642,20250618,,020-35762
0001665160-25-001224,0001765489,20250618,,020-35175
0001997555-25-000004,0001997555,20250618,,020-34998
0002063604-25-000135,0002073782,20250618,,020-36045
0002063604-25-000134,0002042421,20250618,,020-35995
0002063604-25-000133,0002071738,20250618,,020-35998
0001670254-25-000659,0001850978,20250618,,020-36044
0001952064-25-000005,0001952064,20250618,,020-31601
0001968655-25-000002,0001968655,20250617,,020-32042
0002067222-25-000001,0002067222,20250617,,020-36043
0002063604-25-000132,0002071817,20250617,,020-36042
0002063604-25-000131,0002071612,20250617,,020-36041
0002072448-25-000001,0002072448,20250617,,020-36040
0001665160-25-001223,0002051498,20250617,,020-35469
0001665160-25-001221,0001950391,20250617,,020-33298
0001920988-25-000002,0001920988,20250617,,020-35117
0001665160-25-001218,0002070579,20250617,,020-36039
0002053814-25-000001,0002053814,20250617,,020-36037
0002063604-25-000130,0002073232,20250617,,020-36036
0002063604-25-000129,0002072326,20250617,,020-36035
0002071815-25-000001,0002071815,20250617,,020-36034
0001709539-25-000003,0001709539,20250617,,020-23477
0002063604-25-000128,0002072316,20250616,,020-36033
0002063604-25-000127,0002071597,20250616,,020-36032
0001555127-25-000006,0001555127,20250616,,020-35753
0001817371-25-000004,0001817371,20250616,,020-33484
0001817371-25-000003,0001817371,20250616,,020-33484
0001978358-25-000004,0001978358,20250616,,020-32417
0002063604-25-000126,0002071756,20250616,,020-36031
0001062993-25-011735,0002038981,20250616,,020-36015
0001062993-25-011731,0002058322,20250616,,020-35610
0001104659-25-059806,0001817417,20250616,,020-36030
0001963747-25-000005,0001963747,20250616,,020-35773
0001665160-25-001216,0001890225,20250616,,020-36028
0002063604-25-000125,0002071757,20250616,,020-36026
0002062333-25-000003,0002062333,20250616,,020-36025
0002063604-25-000124,0002073286,20250616,,020-36024
0002073287-25-000001,0002073287,20250616,,020-36023
0001666102-25-000030,0001869822,20250616,,020-32363
0001666102-25-000029,0001869822,20250616,,020-34402
0001666102-25-000028,0001817727,20250616,,020-34999
0001670254-25-000657,0002066240,20250613,,020-36021
0002063604-25-000123,0002073282,20250613,,020-36020
0001669191-25-000397,0001934348,20250613,,020-30414
0001669191-25-000395,0001963969,20250613,,020-35864
0002020122-25-000003,0002020122,20250613,,020-34194
0002063604-25-000122,0002071647,20250613,,020-36018
0001665160-25-001214,0002055427,20250613,,020-35941
0001665160-25-001212,0002053900,20250613,,020-35974
0001670254-25-000655,0001930007,20250613,,020-36017
0002063604-25-000121,0002071748,20250613,,020-36016
0001062993-25-011619,0001763588,20250613,,020-35701
0001670254-25-000654,0002042609,20250613,,020-35050
0001062993-25-011594,0002038981,20250613,,020-36015
0001665160-25-001211,0002063062,20250612,,020-35804
0001665160-25-001207,0002063496,20250612,,020-35741
0002063604-25-000119,0002072483,20250612,,020-36013
0001669191-25-000393,0001760855,20250612,,020-32974
0001690433-25-000003,0001690433,20250612,,020-28325
0001665160-25-001206,0001842368,20250612,,020-36012
0002004082-25-000001,0002004082,20250612,,020-33692
0002053710-25-000003,0002053710,20250612,,020-35524
0001670254-25-000652,0002069991,20250612,,020-36010
0001099910-25-000171,0002010670,20250611,,020-36009
0002063604-25-000118,0002033131,20250611,,020-36008
0001641172-25-014734,0001867925,20250611,,020-35632
0001665160-25-001204,0001748070,20250611,,020-24795
0001062993-25-011388,0002032221,20250611,,020-34635
0001665160-25-001203,0002003387,20250611,,020-35814
0001665160-25-001202,0002045356,20250611,,020-35542
0001665160-25-001201,0001777274,20250611,,020-35351
0001665160-25-001199,0001606242,20250611,,020-35071
0002072345-25-000002,0002063441,20250611,,020-35897
0001830411-25-000006,0001830411,20250611,,020-27194
0001830411-25-000004,0001830411,20250611,,020-30322
0001830411-25-000002,0001830411,20250611,,020-30322
0002072345-25-000001,0002072345,20250611,,020-36006
0001665160-25-001196,0002062792,20250611,,020-36005
0001670254-25-000651,0001820469,20250611,,020-36003
0001670254-25-000645,0001924107,20250611,,020-36001
0001670254-25-000644,0002054865,20250611,,020-36000
0001670254-25-000647,0001881570,20250611,,020-36002
0001665160-25-001190,0001836741,20250610,,020-27338
0001789113-25-000003,0001789113,20250610,,020-27390
0001884054-25-000002,0001884054,20250610,,020-34792
0002063604-25-000117,0002071738,20250610,,020-35998
0001669191-25-000390,0002004745,20250609,,020-34651
0001669776-25-000003,0001669776,20250609,,020-35997
0001937039-25-000002,0001937039,20250609,,020-30629
0002063604-25-000116,0002071635,20250609,,020-35996
0002063604-25-000115,0002042421,20250609,,020-35995
0001096906-25-000939,0002069735,20250609,,020-35994
0002063604-25-000113,0001968591,20250609,,020-31951
0002063604-25-000112,0001739408,20250609,,020-24230
0001669191-25-000389,0002046222,20250609,,020-35723
0001665160-25-001189,0001665470,20250609,,020-34921
0001665160-25-001185,0001907256,20250606,,020-35919
0001665160-25-001184,0002063609,20250606,,020-35841
0002063604-25-000110,0002071549,20250606,,020-35989
0002063604-25-000109,0002071627,20250606,,020-35988
0001936290-25-000003,0001936290,20250606,,020-35987
0001670254-25-000642,0001820469,20250606,,020-26783
0002063604-25-000107,0002071554,20250606,,020-35986
0002059502-25-000002,0002059502,20250606,,020-35745
0001937039-25-000001,0001937039,20250605,,020-30629
0002034501-25-000006,0002034501,20250605,,020-35611
0001670254-25-000640,0002071645,20250605,,020-35985
0001670254-25-000638,0002071658,20250605,,020-35984
0002063604-25-000106,0002067662,20250605,,020-35983
0001669191-25-000386,0002060409,20250605,,020-35982
0001665160-25-001183,0002046188,20250605,,020-35241
0001665160-25-001182,0002057570,20250605,,020-35780
0001669191-25-000384,0001898169,20250605,,020-35698
0001669191-25-000381,0002060409,20250605,,020-35982
0001665160-25-001180,0001759037,20250605,,020-35980
0001062993-25-011029,0002059570,20250605,,020-35678
0001670254-25-000637,0001817417,20250604,,020-35428
0001670254-25-000635,0001911387,20250604,,020-35978
0001665160-25-001176,0002034777,20250604,,020-35073
0001700943-25-000001,0001700943,20250604,,020-32874
0001887950-25-000004,0001887950,20250604,,020-30671
0001062993-25-010906,0001966710,20250604,,020-35976
0001641172-25-013484,0002016234,20250603,,020-35719
0001665160-25-001174,0002053900,20250603,,020-35974
0001665160-25-001172,0002056160,20250603,,020-35562
0002063604-25-000105,0002071097,20250603,,020-35965
0002063604-25-000104,0002068383,20250603,,020-35940
0002071246-25-000001,0002071246,20250603,,020-35971
0001669191-25-000375,0001990952,20250603,,020-33066
0001665160-25-001170,0002045329,20250603,,020-35231
0002008188-25-000003,0002008188,20250603,,020-34569
0001817571-25-000001,0001817571,20250603,,020-26817
0002063604-25-000103,0002065587,20250603,,020-35821
0002063604-25-000102,0002065612,20250603,,020-35822
0002063604-25-000101,0002061068,20250603,,020-35683
0002063604-25-000100,0002063806,20250603,,020-35754
0002063604-25-000099,0002063605,20250603,,020-35776
0002063604-25-000098,0001978309,20250603,,020-35625
0002063604-25-000097,0002058870,20250603,,020-35624
0002063604-25-000096,0002062677,20250603,,020-35730
0002063604-25-000095,0001848743,20250603,,020-35729
0002063604-25-000094,0002058682,20250603,,020-35646
0002063604-25-000093,0001751259,20250603,,020-35617
0001665160-25-001168,0002069818,20250603,,020-35970
0002063604-25-000092,0002060080,20250603,,020-35681
0002063604-25-000091,0002050877,20250603,,020-35430
0002063604-25-000090,0002053369,20250603,,020-35482
0002063604-25-000089,0002046887,20250603,,020-35583
0002063604-25-000088,0002055253,20250603,,020-35598
0002063604-25-000087,0002059340,20250603,,020-35642
0002063604-25-000086,0002052841,20250603,,020-35462
0002063604-25-000085,0002059483,20250603,,020-35647
0002063604-25-000084,0002059334,20250603,,020-35651
0002063604-25-000083,0002069669,20250603,,020-35952
0001683892-25-000005,0001683892,20250603,,020-35968
0001641172-25-013345,0001569744,20250603,,020-35906
0002063604-25-000082,0002070097,20250602,,020-35967
0002026753-25-000003,0002026753,20250602,,020-34286
0001989495-25-000003,0001989495,20250602,,020-33329
0002063604-25-000081,0002070098,20250602,,020-35966
0002063604-25-000080,0002071097,20250602,,020-35965
0001665160-25-001166,0002052774,20250602,,020-35436
0001665160-25-001164,0001905495,20250602,,020-35964
0001665160-25-001163,0001842368,20250602,,020-35293
0002052474-25-000005,0002052474,20250602,,020-35664
0001926863-25-000005,0001926863,20250602,,020-34374
0001670254-25-000633,0002059521,20250602,,020-35827
0001641172-25-013133,0001569744,20250602,,020-33373
0001927612-25-000003,0001927612,20250602,,020-34527
0001641172-25-013074,0002019817,20250530,,020-35816
0001670254-25-000631,0002059520,20250530,,020-35962
0001062993-25-010550,0001775767,20250530,,020-28022
0002031525-25-000001,0002031525,20250530,,020-34687
0001807742-25-000002,0001807742,20250530,,020-26273
0001670254-25-000629,0002068932,20250530,,020-35961
0001669191-25-000373,0001963969,20250530,,020-35864
0002051420-25-000003,0002051420,20250530,,020-35703
0001096906-25-000901,0002030392,20250530,,020-34563
0002067432-25-000002,0002067432,20250530,,020-35898
0001927612-25-000002,0001927612,20250530,,020-34527
0002009422-25-000007,0002067106,20250530,,020-35960
0002052584-25-000002,0002052584,20250530,,020-35959
0001811482-25-000003,0001811482,20250530,,020-26523
0001213900-25-049155,0002008507,20250530,,020-35685
0001665160-25-001161,0002056434,20250530,,020-35597
0001665160-25-001160,0001706024,20250530,,020-35866
0002070831-25-000002,0002070831,20250530,,020-35958
0001062993-25-010499,0001966710,20250530,,020-35498
0002069656-25-000001,0002069656,20250529,,020-35957
0001789113-25-000002,0001789113,20250529,,020-27390
0001542172-25-000002,0001542172,20250529,,020-31923
0001887950-25-000003,0001887950,20250529,,020-30671
0001887950-25-000002,0001887950,20250529,,020-30671
0002062402-25-000005,0002062402,20250529,,020-35796
0001820902-25-000002,0001820902,20250529,,020-34158
0001665160-25-001159,0002059368,20250529,,020-35672
0001669191-25-000371,0002061971,20250529,,020-35709
0001829126-25-004030,0002064874,20250529,,020-35956
0001641172-25-012771,0001569744,20250529,,020-35906
0001665160-25-001158,0001926899,20250529,,020-31655
0001670254-25-000627,0002070624,20250529,,020-35954
0001670254-25-000623,0002065851,20250529,,020-35953
0001670254-25-000625,0002045906,20250529,,020-35268
0002049499-25-000006,0002049499,20250528,,020-35427
0001644600-25-000043,0001985076,20250528,,020-32637
0001665160-25-001157,0002065286,20250528,,020-35806
0002063604-25-000079,0002069669,20250528,,020-35952
0002063604-25-000078,0002069682,20250528,,020-35951
0002063604-25-000077,0002021564,20250528,,020-34096
0002063604-25-000076,0001994918,20250528,,020-33448
0002063604-25-000075,0001913986,20250528,,020-29775
0002063604-25-000074,0002037098,20250528,,020-34758
0002063604-25-000073,0002008370,20250528,,020-33498
0002063604-25-000072,0002013642,20250528,,020-33749
0002063604-25-000071,0002006153,20250528,,020-33456
0001665160-25-001155,0001980292,20250528,,020-32657
0001665160-25-001153,0002065437,20250528,,020-35950
0001670254-25-000617,0002066193,20250528,,020-35946
0001670254-25-000619,0002070452,20250528,,020-35947
0002049499-25-000005,0002049499,20250528,,020-35427
0001670254-25-000621,0002068643,20250528,,020-35948
0001962127-25-000006,0001962127,20250527,,020-31938
0001670254-25-000615,0001833354,20250527,,020-35945
0002068540-25-000001,0002068540,20250527,,020-35944
0001669191-25-000369,0001963969,20250527,,020-35864
0001665160-25-001150,0002066446,20250527,,020-35943
0002063604-25-000070,0001860229,20250527,,020-28036
0002063604-25-000069,0002066149,20250527,,020-35889
0001669191-25-000367,0001963969,20250527,,020-35864
0001665160-25-001147,0002055427,20250527,,020-35941
0002063604-25-000068,0002068383,20250527,,020-35940
0002063604-25-000067,0002070038,20250527,,020-35938
0002050865-25-000003,0002065594,20250527,,020-35831
0002050865-25-000002,0002050865,20250527,,020-35588
0001670254-25-000612,0002068378,20250527,,020-35937
0001096906-25-000887,0002044949,20250527,,020-35133
0001670254-25-000610,0001978951,20250527,,020-32449
0001641172-25-012344,0001569744,20250527,,020-35906
0001670254-25-000611,0001978951,20250527,,020-35936
0002041292-25-000001,0002041292,20250523,,020-35935
0001670254-25-000608,0001419208,20250523,,020-35934
0001665160-25-001144,0002057570,20250523,,020-35780
0001140361-25-020341,0002061269,20250523,,020-35820
0001873218-25-000002,0001873218,20250523,,020-29851
0001761779-25-000012,0001761779,20250523,,020-25038
0001761779-25-000010,0001761779,20250523,,020-25038
0001761779-25-000009,0001761779,20250523,,020-25038
0001761779-25-000008,0001761779,20250523,,020-25038
0001761779-25-000007,0001761779,20250523,,020-25038
0001761779-25-000005,0001761779,20250523,,020-25038
0001096906-25-000882,0002044949,20250523,,020-35133
0001062993-25-010173,0001875534,20250523,,020-35218
0001761779-25-000003,0001761779,20250523,,020-25038
0001761779-25-000001,0001761779,20250523,,020-25038
0001376474-25-000493,0001872421,20250523,,020-28555
0002068816-25-000001,0002068816,20250523,,020-35933
0001641172-25-012053,0002041619,20250522,,020-34920
0001821120-25-000001,0001821120,20250522,,020-26786
0001807583-25-000002,0001807583,20250522,,020-26274
0001099910-25-000154,0002016675,20250522,,020-34309
0001670254-25-000607,0001930002,20250522,,020-35932
0001665160-25-001133,0001859901,20250522,,020-35913
0002063604-25-000066,0002066619,20250522,,020-35931
0001962127-25-000004,0001962127,20250522,,020-31938
0002045046-25-000005,0002045046,20250522,,020-35658
0001670254-25-000604,0002067424,20250522,,020-35930
0001665160-25-001131,0001940279,20250522,,020-30623
0002053453-25-000007,0002053453,20250521,,020-35692
0001665160-25-001130,0001774677,20250521,,020-35247
0001665160-25-001129,0002051563,20250521,,020-35502
0001736388-25-000002,0001736388,20250521,,020-24160
0001670254-25-000603,0001927507,20250521,,020-34143
0001670254-25-000601,0001930002,20250521,,020-35481
0001665160-25-001128,0001822078,20250521,,020-34534
0001683168-25-003910,0001759058,20250521,,020-24909
0001213900-25-046407,0001533849,20250521,,020-26592
0001665160-25-001126,0001935174,20250521,,020-30451
0002063604-25-000065,0002069644,20250521,,020-35929
0002063604-25-000064,0002069647,20250521,,020-35928
0002063604-25-000063,0002069666,20250521,,020-35927
0001665160-25-001123,0001919437,20250521,,020-30036
0002040359-25-000003,0002040359,20250521,,020-35062
0001670254-25-000599,0001930002,20250521,,020-30327
0001818986-25-000002,0001818986,20250521,,020-26688
0001670254-25-000597,0002064250,20250521,,020-35926
0001139685-25-000005,0001139685,20250520,,020-35925
0001760404-25-000005,0001760404,20250520,,020-34703
0002063604-25-000062,0002068525,20250520,,020-35924
0002063604-25-000061,0002067041,20250520,,020-35923
0002063604-25-000060,0002067667,20250520,,020-35922
0001665160-25-001121,0002052600,20250520,,020-35465
0001669191-25-000365,0001963969,20250520,,020-35864
0001665160-25-001120,0001783128,20250520,,020-35641
0002069232-25-000001,0002069232,20250520,,020-35921
0001139685-25-000003,0001139685,20250520,,020-23669
0002021824-25-000003,0002021824,20250520,,020-34783
0002063604-25-000059,0002067647,20250520,,020-35920
0001665160-25-001117,0001907256,20250520,,020-35919
0001641172-25-011656,0001851491,20250520,,020-35489
0001641172-25-011653,0001851491,20250520,,020-35489
0002062402-25-000004,0002062402,20250520,,020-35796
0002063604-25-000058,0001947570,20250520,,020-31225
0001665160-25-001115,0001890225,20250520,,020-29133
0001665160-25-001113,0001887236,20250520,,020-28963
0002063604-25-000057,0002063803,20250520,,020-35756
0002063604-25-000056,0002043582,20250520,,020-35182
0002063604-25-000055,0002043333,20250520,,020-35079
0002063604-25-000054,0001896328,20250520,,020-35914
0001998336-25-000006,0002035044,20250520,,020-34721
0001998336-25-000005,0001998336,20250519,,020-33101
0001096906-25-000850,0002066860,20250519,,020-35917
0002063604-25-000053,0002013683,20250519,,020-33723
0002063604-25-000052,0002010247,20250519,,020-33637
0001998336-25-000002,0001998336,20250519,,020-33101
0002063604-25-000051,0002067705,20250519,,020-35915
0002063604-25-000050,0002065739,20250519,,020-35872
0002020084-25-000002,0002020084,20250519,,020-34037
0001665160-25-001111,0002056041,20250519,,020-35556
0001665160-25-001109,0001962791,20250519,,020-31774
0002063604-25-000049,0001896328,20250519,,020-35914
0002008715-25-000002,0002008715,20250519,,020-34359
0002008715-25-000001,0002008715,20250519,,020-34359
0001665160-25-001107,0001859901,20250519,,020-35913
0001641172-25-011330,0002022066,20250519,,020-34130
0001670254-25-000593,0002062045,20250519,,020-35911
0001665160-25-001105,0002056041,20250519,,020-35556
0002066444-25-000001,0002066444,20250516,,020-35910
0001670254-25-000591,0001759313,20250516,,020-25217
0001665160-25-001104,0002044823,20250516,,020-35145
0002028213-25-000001,0002028213,20250516,,020-34398
0001888682-25-000002,0001888682,20250516,,020-34371
0002045910-25-000001,0002045910,20250516,,020-35208
0001670254-25-000586,0001854861,20250516,,020-35908
0001670254-25-000585,0001808819,20250516,,020-35417
0001670254-25-000588,0001804181,20250516,,020-35909
0001670254-25-000584,0001781973,20250516,,020-35752
0002061553-25-000002,0002067743,20250515,,020-35907
0001641172-25-010770,0001569744,20250515,,020-35906
0002066364-25-000001,0002066364,20250515,,020-35904
0002022919-25-000004,0002022919,20250515,,020-34200
0002022919-25-000002,0002022919,20250515,,020-34200
0001665160-25-001101,0002046188,20250515,,020-35241
0002052148-25-000005,0002052148,20250515,,020-35559
0002063604-25-000048,0002064571,20250515,,020-35844
0002068151-25-000001,0002068151,20250515,,020-35903
0001665160-25-001099,0001845509,20250514,,020-35675
0001665160-25-001098,0001859835,20250514,,020-35017
0001644600-25-000042,0001833314,20250514,,020-27354
0001830612-25-000002,0001830612,20250514,,020-27264
0001670254-25-000582,0001818986,20250514,,020-26688
0001665160-25-001097,0002056316,20250514,,020-35584
0001670254-25-000580,0002064868,20250514,,020-35902
0001665160-25-001096,0002056421,20250514,,020-35901
0001917980-25-000005,0001917980,20250514,,020-31571
0001850257-25-000001,0001850257,20250514,,020-33215
0001917980-25-000004,0001917980,20250514,,020-31571
0002063604-25-000046,0002043207,20250514,,020-35899
0002063604-25-000044,0002043207,20250514,,020-35899
0002063604-25-000043,0001807623,20250514,,020-26298
0001739450-25-000005,0001739450,20250513,,020-25090
0001665160-25-001094,0001783271,20250513,,020-27249
0001062993-25-009225,0001870766,20250513,,020-34429
0001669191-25-000363,0001963969,20250513,,020-35864
0001669191-25-000362,0001760855,20250513,,020-32974
0001665160-25-001093,0001875237,20250513,,020-34995
0002067432-25-000001,0002067432,20250513,,020-35898
0001665160-25-001091,0002028213,20250513,,020-34398
0001017386-25-000064,0001377469,20250513,,020-28828
0001665160-25-001089,0002033731,20250513,,020-35778
0001665160-25-001087,0001864866,20250513,,020-28183
0001863991-25-000003,0001863991,20250513,,020-28172
0001863991-25-000001,0001863991,20250513,,020-28172
0001868907-25-000001,0001868907,20250513,,020-30209
0001965001-25-000001,0001965001,20250513,,020-31805
0001665160-25-001085,0002030658,20250513,,020-34495
0002063441-25-000001,0002063441,20250513,,020-35897
0001670254-25-000579,0001871680,20250513,,020-34355
0001477932-25-003554,0001061040,20250512,,020-33910
0001062993-25-009099,0001763588,20250512,,020-35701
0001665160-25-001082,0001836728,20250512,,020-27399
0001665160-25-001080,0001472687,20250512,,020-32530
0001665160-25-001077,0001676516,20250512,,020-30583
0001665160-25-001075,0001899773,20250512,,020-29554
0001665160-25-001072,0002003000,20250512,,020-33356
0002063604-25-000042,0002028351,20250512,,020-34415
0002063604-25-000041,0001806281,20250512,,020-26212
0002063604-25-000040,0001946995,20250512,,020-30966
0001665160-25-001070,0002045329,20250512,,020-35231
0002063604-25-000038,0001976354,20250512,,020-32312
0002063604-25-000037,0001981118,20250512,,020-32469
0002063604-25-000036,0001983006,20250512,,020-32579
0002063604-25-000035,0002010320,20250512,,020-33641
0002063604-25-000034,0002042949,20250512,,020-35081
0002063604-25-000033,0002029344,20250512,,020-34422
0002063604-25-000032,0002017537,20250512,,020-34018
0002063604-25-000031,0002042549,20250512,,020-35080
0002030487-25-000003,0002030487,20250512,,020-34671
0002060093-25-000002,0002060093,20250512,,020-35688
0001998280-25-000002,0001998280,20250512,,020-33377
0002063604-25-000030,0002067652,20250512,,020-35896
0002033071-25-000001,0002033071,20250512,,020-34627
0001096906-25-000736,0000889353,20250512,,020-34128
0001665160-25-001063,0002042399,20250512,,020-35003
0001665160-25-001064,0001986390,20250512,,020-35196
0001670254-25-000576,0002065815,20250512,,020-35895
0001665160-25-001069,0001744757,20250512,,020-35535
0001665160-25-001066,0001458574,20250512,,020-35380
0001665160-25-001068,0002056160,20250512,,020-35562
0001665160-25-001067,0001860029,20250512,,020-35438
0001665160-25-001065,0002048576,20250512,,020-35585
0001665160-25-001062,0002053378,20250512,,020-35531
0001665160-25-001061,0001925116,20250509,,020-35342
0001665160-25-001060,0002044823,20250509,,020-35145
0001665160-25-001059,0002034777,20250509,,020-35073
0001665160-25-001058,0001923723,20250509,,020-34663
0001665160-25-001057,0002011843,20250509,,020-34645
0001829126-25-003529,0001786874,20250509,,020-25799
0001665160-25-001056,0001714911,20250509,,020-23543
0001670254-25-000572,0001866011,20250509,,020-35894
0001665160-25-001055,0001785581,20250509,,020-25741
0001062993-25-008975,0002065645,20250509,,020-35893
0001665160-25-001048,0002062787,20250509,,020-35811
0001665160-25-001047,0002057570,20250509,,020-35780
0001665160-25-001046,0002056041,20250509,,020-35556
0001665160-25-001044,0002063062,20250509,,020-35804
0001665160-25-001043,0002051297,20250509,,020-35402
0001665160-25-001042,0002059368,20250509,,020-35672
0001665160-25-001041,0002045356,20250509,,020-35542
0001665160-25-001040,0002065286,20250509,,020-35806
0001665160-25-001039,0002063642,20250509,,020-35762
0002063604-25-000029,0002066149,20250509,,020-35889
0001670254-25-000568,0002066941,20250509,,020-35890
0001739450-25-000003,0001739450,20250509,,020-25090
0001665160-25-001036,0001937446,20250509,,020-30557
0001665160-25-001038,0002050438,20250509,,020-35579
0001665160-25-001037,0002040905,20250509,,020-35515
0001096906-25-000728,0000889353,20250509,,020-34128
0001670254-25-000570,0002063710,20250509,,020-35891
0001665160-25-001035,0001949139,20250508,,020-35280
0001665160-25-001034,0002042849,20250508,,020-35033
0001096906-25-000726,0002066745,20250508,,020-35888
0001665160-25-001033,0002007816,20250508,,020-35386
0001665160-25-001032,0002044891,20250508,,020-35249
0001665160-25-001031,0002025387,20250508,,020-35353
0001665160-25-001030,0001996095,20250508,,020-35565
0001665160-25-001029,0001875237,20250508,,020-34995
0001665160-25-001028,0001696967,20250508,,020-35533
0001641172-25-009237,0002065917,20250508,,020-35887
0002055358-25-000003,0002055358,20250508,,020-35521
0002055358-25-000002,0002055358,20250508,,020-35521
0001669191-25-000358,0002067433,20250508,,020-35883
0001765330-25-000002,0001765330,20250508,,020-25337
0001765330-25-000001,0001765330,20250508,,020-25337
0001871680-25-000008,0001871680,20250508,,020-34355
0001139020-25-000109,0002057559,20250508,,020-35880
0002021397-25-000001,0002021397,20250508,,020-34097
0001665160-25-001027,0001606242,20250508,,020-35071
0001943908-25-000002,0001943908,20250508,,020-31191
0002063604-25-000028,0002064571,20250508,,020-35844
0001062993-25-008843,0001095130,20250508,,020-35772
0001774765-25-000009,0001774765,20250508,,020-34967
0001774765-25-000008,0001774765,20250508,,020-34967
0001774765-25-000007,0001774765,20250508,,020-34967
0001903644-25-000002,0001903644,20250508,,020-35878
0001140361-25-017872,0002067205,20250508,,020-35877
0001870874-25-000004,0002018990,20250508,,020-34338
0001062993-25-008813,0002030449,20250508,,020-35496
0001670254-25-000567,0002059521,20250508,,020-35827
0001670254-25-000565,0002065796,20250508,,020-35875
0001665160-25-001026,0001997349,20250508,,020-33130
0001670254-25-000564,0001626196,20250508,,020-35874
0002062402-25-000003,0002062402,20250508,,020-35796
0001669191-25-000354,0001998357,20250507,,020-33164
0001669191-25-000353,0002024066,20250507,,020-34247
0001669191-25-000352,0001981525,20250507,,020-32482
0001669191-25-000351,0001981111,20250507,,020-32468
0002026753-25-000002,0002026753,20250507,,020-34286
0001669191-25-000350,0001978657,20250507,,020-32457
0001669191-25-000349,0001979897,20250507,,020-32459
0001669191-25-000348,0002017342,20250507,,020-33900
0001669191-25-000347,0002009839,20250507,,020-33631
0001669191-25-000342,0002017176,20250507,,020-33885
0001669191-25-000340,0001919135,20250507,,020-29958
0001669191-25-000339,0001969722,20250507,,020-32069
0001669191-25-000338,0002013219,20250507,,020-33933
0001669191-25-000337,0002021505,20250507,,020-34145
0001774765-25-000004,0001774765,20250507,,020-34967
0001670254-25-000563,0001626196,20250507,,020-25992
0001669191-25-000332,0002035612,20250507,,020-34850
0001669191-25-000331,0001719420,20250507,,020-34879
0001669191-25-000330,0001872445,20250507,,020-29609
0001669191-25-000329,0001718028,20250507,,020-32430
0001670254-25-000562,0001759313,20250507,,020-25217
0001669191-25-000324,0001880231,20250507,,020-32277
0001669191-25-000323,0002008454,20250507,,020-35748
0001669191-25-000322,0002021596,20250507,,020-34171
0001669191-25-000321,0002023011,20250507,,020-34643
0001665160-25-001023,0001809554,20250507,,020-27597
0001665160-25-001022,0002041673,20250507,,020-34940
0002053453-25-000005,0002053453,20250507,,020-35692
0001665160-25-001020,0001777274,20250507,,020-35351
0002034501-25-000005,0002034501,20250507,,020-35611
0001796599-25-000002,0001796599,20250507,,020-25985
0001655808-25-000006,0001655808,20250507,,020-35560
0001655808-25-000005,0002055358,20250507,,020-35521
0001655808-25-000004,0002049538,20250507,,020-35643
0001655808-25-000003,0002050029,20250507,,020-35604
0002063604-25-000027,0002066685,20250507,,020-35873
0002063604-25-000026,0002065739,20250507,,020-35872
0002063604-25-000025,0002064796,20250507,,020-35871
0002063604-25-000024,0002065740,20250507,,020-35870
0002063604-25-000023,0002065738,20250507,,020-35869
0001666102-25-000026,0002019542,20250507,,020-34111
0001871680-25-000006,0001871680,20250507,,020-34355
0001665160-25-001018,0002039943,20250507,,020-35122
0001670254-25-000560,0002010168,20250506,,020-33664
0001669191-25-000316,0001962697,20250506,,020-35059
0001669191-25-000315,0001998308,20250506,,020-33100
0001669191-25-000314,0001991235,20250506,,020-32846
0002063604-25-000022,0002065736,20250506,,020-35867
0001670254-25-000558,0001972908,20250506,,020-32195
0001670254-25-000557,0001728721,20250506,,020-33092
0001665160-25-001017,0002052465,20250506,,020-35450
0001665160-25-001016,0002052465,20250506,,020-35450
0001665160-25-001015,0001943499,20250506,,020-34664
0001818804-25-000004,0002046190,20250506,,020-35309
0001818804-25-000003,0001818804,20250506,,020-33461
0001811504-25-000002,0001811504,20250506,,020-26743
0001665160-25-001014,0002034777,20250506,,020-35073
0001665160-25-001011,0001839030,20250506,,020-27449
0001665160-25-001008,0001343322,20250506,,020-31297
0001670254-25-000556,0001817417,20250506,,020-35428
0001665160-25-001006,0001959811,20250506,,020-31625
0001665160-25-001004,0001706024,20250506,,020-35866
0002029197-25-000003,0002029197,20250506,,020-35379
0001665160-25-001002,0001990703,20250506,,020-32817
0002040359-25-000002,0002040359,20250506,,020-35062
0001670254-25-000555,0002040493,20250506,,020-34881
0001669191-25-000310,0001963969,20250506,,020-35864
0002066702-25-000001,0002066702,20250506,,020-35862
0001952064-25-000004,0001952064,20250506,,020-31601
0001875092-25-000004,0001875092,20250506,,020-28635
0001670254-25-000553,0002032895,20250506,,020-35861
0001906867-25-000001,0001906867,20250506,,020-33249
0001665160-25-000999,0002048576,20250506,,020-35585
0001646921-25-000002,0001646921,20250505,,020-27090
0001669191-25-000305,0002032789,20250505,,020-34588
0001669191-25-000304,0002030286,20250505,,020-34447
0002017096-25-000001,0002017096,20250505,,020-34360
0002036985-25-000004,0002036985,20250505,,020-35860
0002025433-25-000001,0002025433,20250505,,020-35859
0001665160-25-000997,0001943499,20250505,,020-31002
0001213900-25-039668,0002066219,20250505,,020-35853
0001670254-25-000549,0002032895,20250505,,020-34574
0001907993-25-000003,0001907993,20250505,,020-29647
0001907993-25-000002,0001907993,20250505,,020-29647
0002032789-25-000001,0002032789,20250505,,020-34588
0001669191-25-000300,0002046222,20250505,,020-35723
0001644600-25-000041,0001944503,20250505,,020-31488
0002047937-25-000001,0002047937,20250505,,020-35858
0001665160-25-000993,0001879490,20250505,,020-33463
0001871680-25-000002,0001871680,20250505,,020-34355
0002066043-25-000001,0002066043,20250505,,020-35857
0001140361-25-017232,0002061269,20250505,,020-35820
0001683168-25-003096,0001954608,20250505,,020-32882
0001665160-25-000991,0002014271,20250505,,020-33780
0001665160-25-000990,0001875242,20250505,,020-28506
0001644600-25-000040,0001960068,20250505,,020-35855
0001670254-25-000542,0001836721,20250505,,020-35856
0001575872-25-000314,0001603707,20250502,,020-25659
0001644600-25-000039,0002008780,20250502,,020-35854
0001665160-25-000988,0001582558,20250502,,020-32119
0001665160-25-000986,0002030743,20250502,,020-34492
0001853832-25-000002,0001853832,20250502,,020-29646
0001665160-25-000985,0001986390,20250502,,020-35196
0001665160-25-000983,0002047112,20250502,,020-35526
0001665160-25-000982,0002056617,20250502,,020-35663
0001665160-25-000981,0002053401,20250502,,020-35493
0001665160-25-000980,0001982201,20250502,,020-34315
0001665160-25-000979,0002009327,20250502,,020-35644
0001665160-25-000978,0002045020,20250502,,020-35162
0001665160-25-000977,0001739997,20250502,,020-34717
0001213900-25-039119,0002066219,20250502,,020-35853
0001665160-25-000976,0001959811,20250502,,020-33408
0001665160-25-000975,0001774677,20250502,,020-35247
0001665160-25-000974,0001809554,20250502,,020-34680
0002027143-25-000001,0002027143,20250502,,020-34404
0001714989-25-000001,0001714989,20250502,,020-29229
0001665160-25-000973,0001923723,20250502,,020-30323
0001910990-25-000002,0001910990,20250502,,020-29694
0001665160-25-000970,0001943908,20250502,,020-31191
0001665160-25-000969,0001746353,20250502,,020-31775
0001942766-25-000002,0001942766,20250502,,020-35200
0001670254-25-000540,0001959002,20250502,,020-34900
0001665160-25-000965,0001940366,20250502,,020-30729
0001665160-25-000964,0001935429,20250502,,020-30523
0001961439-25-000006,0001961439,20250502,,020-31846
0001961439-25-000004,0001961439,20250502,,020-31846
0001961439-25-000002,0001961439,20250502,,020-31846
0001096906-25-000668,0001972942,20250502,,020-35847
0002030421-25-000001,0002030421,20250502,,020-34521
0001926863-25-000004,0001926863,20250502,,020-30189
0001665160-25-000963,0001889418,20250502,,020-29077
0002039845-25-000003,0001942787,20250502,,020-30899
0001963747-25-000004,0001963747,20250502,,020-35773
0002039845-25-000002,0002039845,20250502,,020-35129
0001665160-25-000961,0002039943,20250502,,020-35122
0001665160-25-000959,0002019438,20250502,,020-34038
0001665160-25-000957,0001818804,20250502,,020-26734
0001670254-25-000538,0002044187,20250502,,020-35516
0002038986-25-000003,0002038986,20250502,,020-35424
0002035902-25-000003,0002035902,20250502,,020-35172
0001963716-25-000003,0001963716,20250502,,020-31704
0001665160-25-000955,0001932193,20250502,,020-34040
0001213900-25-038610,0001716191,20250502,,020-32866
0001665160-25-000953,0002032373,20250502,,020-35026
0001644600-25-000038,0001687316,20250502,,020-35849
0001665160-25-000951,0001824937,20250501,,020-26986
0001665160-25-000948,0002041605,20250501,,020-35163
0001665160-25-000946,0002040104,20250501,,020-34959
0001829126-25-003273,0002066391,20250501,,020-35848
0001665160-25-000944,0002013852,20250501,,020-33950
0001096906-25-000662,0001972942,20250501,,020-35847
0001665160-25-000941,0001901331,20250501,,020-29439
0001932835-25-000001,0001932835,20250501,,020-30808
0001644600-25-000037,0001687316,20250501,,020-24706
0001926863-25-000003,0001926863,20250501,,020-34374
0001755802-25-000002,0001755802,20250501,,020-24800
0001665160-25-000936,0002009327,20250501,,020-33634
0001665160-25-000934,0002021661,20250501,,020-34187
0001665160-25-000932,0001885037,20250501,,020-31006
0001665160-25-000931,0001883555,20250501,,020-30194
0001665160-25-000930,0001929121,20250501,,020-30303
0002045046-25-000004,0002045046,20250501,,020-35658
0001665160-25-000929,0001982921,20250501,,020-32690
0001920741-25-000001,0001920741,20250501,,020-30157
0001665160-25-000927,0001833612,20250501,,020-27457
0001665160-25-000925,0001966986,20250501,,020-31917
0001665160-25-000923,0001947217,20250501,,020-30956
0001665160-25-000921,0001775538,20250501,,020-25640
0002063604-25-000021,0002064571,20250501,,020-35844
0001670254-25-000537,0002059521,20250501,,020-35827
0001665160-25-000919,0002063642,20250501,,020-35762
0002063604-25-000020,0001727750,20250501,,020-35801
0001994991-25-000001,0001994991,20250501,,020-33073
0001665160-25-000918,0001706024,20250501,,020-23365
0002000727-25-000001,0002000727,20250501,,020-33261
0002066072-25-000001,0002066072,20250501,,020-35843
0001861670-25-000002,0001861670,20250501,,020-28090
0001665160-25-000914,0001978366,20250501,,020-32380
0002063604-25-000019,0002044659,20250501,,020-35105
0002063604-25-000018,0001996240,20250501,,020-33013
0001477932-25-003186,0001819702,20250501,,020-26766
0001062993-25-008270,0001945032,20250501,,020-31060
0001062993-25-008268,0002012869,20250501,,020-33891
0001585132-25-000002,0001585132,20250501,,020-34788
0001670254-25-000532,0001800968,20250501,,020-26081
0001213900-25-037877,0002023685,20250501,,020-34212
0001683168-25-003012,0001954608,20250501,,020-32882
0001670254-25-000536,0002055878,20250501,,020-35654
0001062993-25-008260,0001945032,20250501,,020-31060
0001797918-25-000001,0001797918,20250501,,020-29741
0001213900-25-037861,0002023685,20250501,,020-34212
0001670254-25-000534,0001891649,20250501,,020-35799
0001837613-25-000002,0001837613,20250501,,020-28444
0001213900-25-037863,0001657493,20250501,,020-26384
0001926863-25-000002,0001926863,20250501,,020-30189
0001665160-25-000907,0001789047,20250501,,020-33038
0001213900-25-037867,0001980120,20250501,,020-32665
0001665160-25-000909,0001929501,20250501,,020-30378
0001213900-25-037920,0002014861,20250501,,020-33789
0001062993-25-008262,0001852657,20250501,,020-28441
0001665160-25-000910,0001670450,20250501,,020-23304
0001665160-25-000912,0001815192,20250501,,020-26572
0001670254-25-000535,0002007530,20250501,,020-33679
0001213900-25-037938,0001952082,20250501,,020-34711
0001853832-25-000001,0001853832,20250501,,020-29646
0002043486-25-000002,0002043486,20250501,,020-35437
0001062993-25-008264,0001674153,20250501,,020-25587
0001665160-25-000903,0002051563,20250501,,020-35502
0001641172-25-007919,0001830166,20250501,,020-27164
0001391267-25-000003,0001391267,20250501,,020-31183
0002008595-25-000002,0002008595,20250501,,020-33705
0001670254-25-000528,0001654283,20250501,,020-33926
0001787792-25-000004,0001787792,20250501,,020-25712
0001670254-25-000529,0002047291,20250501,,020-35253
0002007865-25-000001,0002007865,20250501,,020-33840
0001976638-25-000003,0001976638,20250501,,020-32289
0002034524-25-000001,0002034524,20250501,,020-34925
0002049538-25-000002,0002049538,20250501,,020-35643
0001104659-25-042744,0001948667,20250501,,020-34905
0002020731-25-000004,0002020731,20250501,,020-34353
0001670254-25-000531,0002042544,20250501,,020-35618
0001821982-25-000007,0002050934,20250501,,020-35388
0001641172-25-007915,0001867925,20250430,,020-33964
0001665160-25-000902,0002051563,20250430,,020-35502
0001985093-25-000002,0001985093,20250430,,020-32965
0001477932-25-003168,0001819702,20250430,,020-26766
0001644600-25-000036,0002008780,20250430,,020-33854
0001683168-25-003009,0001748169,20250430,,020-24525
0001665160-25-000901,0002042114,20250430,,020-34997
0002063604-25-000017,0001984949,20250430,,020-33176
0001644600-25-000035,0001944503,20250430,,020-31488
0002063604-25-000016,0001996329,20250430,,020-33036
0002063604-25-000014,0002009726,20250430,,020-33545
0001665160-25-000898,0001835501,20250430,,020-27407
0001622824-25-000001,0001622824,20250430,,020-27299
0002018221-25-000001,0002018221,20250430,,020-33974
0001738836-25-000001,0001738836,20250430,,020-26516
0002051960-25-000002,0002051960,20250430,,020-35566
0001665160-25-000894,0001436343,20250430,,020-31287
0001665160-25-000892,0002033731,20250430,,020-34679
0001907870-25-000001,0001907870,20250430,,020-29636
0001665160-25-000891,0002033731,20250430,,020-35778
0002032099-25-000003,0002025112,20250430,,020-34321
0001793782-25-000001,0001793782,20250430,,020-27725
0001641172-25-007793,0001867925,20250430,,020-33964
0002032099-25-000002,0002021387,20250430,,020-34099
0002020332-25-000002,0002020332,20250430,,020-34357
0002032099-25-000001,0002032099,20250430,,020-34629
0001666102-25-000025,0002043087,20250430,,020-35020
0001665160-25-000889,0001928381,20250430,,020-30339
0001644600-25-000034,0001674163,20250430,,020-22837
0001670254-25-000527,0001808819,20250430,,020-35417
0001376474-25-000419,0001525852,20250430,,020-30672
0001644600-25-000033,0001833314,20250430,,020-27354
0001669191-25-000298,0002026360,20250430,,020-34336
0001666102-25-000024,0002043087,20250430,,020-35020
0002012810-25-000003,0002012810,20250430,,020-34281
0001670254-25-000524,0002011508,20250430,,020-33650
0001670254-25-000525,0001807577,20250430,,020-26291
0001746397-25-000001,0001746397,20250430,,020-24502
0001670254-25-000523,0001817417,20250430,,020-35428
0001665160-25-000888,0001871756,20250430,,020-28421
0001952616-25-000004,0001952616,20250430,,020-31519
0001644600-25-000032,0001674163,20250430,,020-35607
0002004428-25-000002,0002004428,20250430,,020-33477
0002063878-25-000001,0002063878,20250430,,020-35842
0001835500-25-000004,0001835500,20250430,,020-27386
0002004428-25-000001,0002004428,20250430,,020-33477
0001644600-25-000031,0001897152,20250430,,020-29429
0001737022-25-000002,0001737022,20250430,,020-33716
0001104659-25-042410,0001588504,20250430,,020-30696
0001818274-25-000016,0001818274,20250430,,020-27156
0002024796-25-000004,0002022754,20250430,,020-34095
0001665160-25-000885,0001889197,20250430,,020-29584
0001665160-25-000883,0001791683,20250430,,020-25949
0002063604-25-000013,0001727750,20250430,,020-35801
0002024796-25-000003,0002028830,20250430,,020-34420
0001665160-25-000880,0001582617,20250430,,020-30547
0001670254-25-000519,0002048759,20250430,,020-35328
0001666102-25-000023,0002023569,20250430,,020-34438
0002024796-25-000002,0002036900,20250430,,020-34811
0001670254-25-000518,0001893890,20250430,,020-35138
0001214659-25-006670,0001893768,20250430,,020-29238
0001811504-25-000001,0001811504,20250430,,020-26743
0002024796-25-000001,0002024796,20250430,,020-34218
0001213900-25-037473,0001666025,20250430,,020-34590
0001960816-25-000004,0001977299,20250430,,020-32335
0001665160-25-000878,0002058865,20250430,,020-35649
0002019120-25-000001,0002019120,20250430,,020-34079
0001670254-25-000517,0001868497,20250430,,020-35027
0001665160-25-000876,0001967269,20250430,,020-31921
0001665160-25-000874,0001936666,20250430,,020-35557
0001670254-25-000515,0001811959,20250430,,020-35019
0001644600-25-000030,0001687316,20250430,,020-24706
0002063604-25-000012,0002033114,20250430,,020-34580
0001960816-25-000003,0001826308,20250430,,020-26977
0001959407-25-000002,0001959407,20250430,,020-32172
0001665160-25-000871,0001774677,20250430,,020-35247
0002063604-25-000011,0001848743,20250430,,020-27759
0001670254-25-000514,0001920988,20250430,,020-35117
0001818274-25-000015,0001840495,20250430,,020-35250
0001683892-25-000003,0001683892,20250430,,020-33978
0001669191-25-000297,0002008025,20250430,,020-33549
0001665160-25-000869,0002051297,20250430,,020-35402
0001960816-25-000002,0001960816,20250430,,020-31644
0002049148-25-000002,0002049148,20250430,,020-35511
0002010670-25-000006,0002010670,20250430,,020-34769
0002010670-25-000004,0002010670,20250430,,020-35295
0001947821-25-000002,0001947821,20250430,,020-31718
0002034034-25-000001,0002034034,20250430,,020-34826
0001665160-25-000868,0002003387,20250430,,020-33413
0001818274-25-000013,0001840495,20250430,,020-35250
0001670254-25-000513,0002051960,20250430,,020-35566
0001760404-25-000004,0001760404,20250430,,020-34703
0001669191-25-000296,0001994911,20250430,,020-33659
0001666102-25-000022,0002025207,20250430,,020-34424
0001665160-25-000866,0002030078,20250430,,020-34519
0001666102-25-000021,0002025207,20250430,,020-34424
0002063604-25-000010,0002011653,20250430,,020-34500
0001665160-25-000864,0001743748,20250430,,020-33877
0001665160-25-000863,0001906619,20250430,,020-35363
0002063604-25-000009,0001989416,20250430,,020-33505
0001665160-25-000862,0001906619,20250430,,020-35363
0001896461-25-000003,0001896461,20250430,,020-29407
0001818274-25-000012,0001840495,20250430,,020-27470
0001979363-25-000010,0002031130,20250430,,020-34483
0001896461-25-000002,0001896461,20250430,,020-29407
0001669191-25-000295,0002013160,20250430,,020-33734
0001666102-25-000020,0002023569,20250430,,020-34438
0001979363-25-000009,0002038714,20250430,,020-34828
0001665160-25-000861,0001779131,20250430,,020-35395
0001665160-25-000860,0001779131,20250430,,020-35395
0001670254-25-000511,0002057921,20250430,,020-35601
0001666102-25-000019,0002023569,20250430,,020-34438
0001979363-25-000008,0002023057,20250430,,020-34113
0001922137-25-000002,0001922137,20250430,,020-35237
0001665160-25-000859,0002002943,20250430,,020-34259
0002063604-25-000008,0001984159,20250430,,020-32675
0001665160-25-000857,0002002943,20250430,,020-35377
0002063604-25-000007,0001888708,20250430,,020-28997
0002030117-25-000003,0002030117,20250430,,020-34825
0001665160-25-000856,0001882693,20250430,,020-35187
0001665160-25-000854,0001882693,20250430,,020-35187
0002030117-25-000002,0002030117,20250430,,020-34825
0001818274-25-000010,0002032977,20250430,,020-34557
0001096906-25-000634,0001998740,20250430,,020-33156
0002034501-25-000004,0002034501,20250430,,020-34649
0001979363-25-000007,0001995888,20250430,,020-33000
0001670254-25-000509,0002012410,20250430,,020-34303
0001665160-25-000850,0002063609,20250430,,020-35841
0002030174-25-000001,0002030174,20250430,,020-34528
0001979363-25-000006,0002024372,20250430,,020-34177
0002038986-25-000002,0002038986,20250430,,020-35424
0001979363-25-000005,0002034790,20250430,,020-34676
0001818274-25-000009,0002039395,20250430,,020-35365
0001670254-25-000508,0002002173,20250430,,020-33348
0001979363-25-000004,0002025753,20250430,,020-34248
0001952064-25-000003,0001952064,20250430,,020-31601
0001979363-25-000002,0001982185,20250430,,020-32515
0001818274-25-000008,0001818274,20250430,,020-27156
0001062993-25-008239,0002032221,20250430,,020-34635
0001979363-25-000001,0001979363,20250430,,020-32451
0001670254-25-000507,0001708246,20250430,,020-26130
0001062993-25-008238,0001966710,20250430,,020-35498
0001062993-25-008236,0001963859,20250430,,020-31976
0001062993-25-008233,0001966710,20250430,,020-33508
0001670254-25-000505,0001807925,20250430,,020-33149
0002008188-25-000002,0002008188,20250430,,020-34569
0001062993-25-008228,0001963859,20250430,,020-31976
0001760855-25-000004,0001760855,20250430,,020-32974
0001666102-25-000018,0001817727,20250430,,020-26631
0001690888-25-000001,0001690888,20250430,,020-23116
0001666102-25-000017,0001817727,20250430,,020-34999
0001062993-25-008222,0001870766,20250430,,020-29648
0001665160-25-000846,0001419208,20250430,,020-30881
0001641172-25-006778,0002019817,20250430,,020-34118
0001665160-25-000844,0002038981,20250430,,020-34855
0001665160-25-000842,0002030449,20250430,,020-34513
0001665160-25-000840,0001421744,20250430,,020-25262
0001665160-25-000838,0002033836,20250430,,020-34622
0002022667-25-000002,0002022667,20250430,,020-34475
0001670254-25-000501,0001836735,20250430,,020-32794
0001683168-25-002959,0002014067,20250430,,020-34891
0001213900-25-037004,0001794805,20250430,,020-31739
0002049499-25-000003,0002049499,20250430,,020-35427
0001670254-25-000504,0002018863,20250430,,020-33975
0001986159-25-000003,0002001572,20250430,,020-33247
0002046190-25-000002,0002046190,20250430,,020-35309
0001641172-25-006742,0001867925,20250430,,020-35632
0001670254-25-000499,0001836735,20250430,,020-32794
0001665160-25-000835,0002045329,20250430,,020-35231
0001670254-25-000494,0001979807,20250430,,020-32564
0001844202-25-000003,0001844202,20250430,,020-27608
0001670254-25-000496,0001953831,20250430,,020-33764
0001670254-25-000497,0001997004,20250430,,020-35839
0001844202-25-000002,0001844202,20250430,,020-27608
0001670254-25-000491,0001943495,20250430,,020-34382
0001670254-25-000492,0002066186,20250430,,020-35838
0001986159-25-000001,0001986159,20250430,,020-32647
0001665160-25-000836,0002045329,20250430,,020-35231
0001989245-25-000001,0001989245,20250430,,020-32750
0001665160-25-000834,0002056658,20250429,,020-35600
0002045384-25-000001,0002045384,20250429,,020-35193
0001213900-25-036907,0001972234,20250429,,020-32901
0001669191-25-000294,0002034524,20250429,,020-34925
0001669191-25-000293,0002035965,20250429,,020-34977
0001644600-25-000029,0001933967,20250429,,020-30355
0001665160-25-000833,0002052600,20250429,,020-35465
0001665160-25-000832,0002052600,20250429,,020-35465
0001670254-25-000490,0001994585,20250429,,020-33152
0001796599-25-000001,0001796599,20250429,,020-25985
0001896296-25-000003,0001896296,20250429,,020-29421
0001670254-25-000489,0001978355,20250429,,020-34755
0001828718-25-000002,0001828718,20250429,,020-27176
0001669191-25-000290,0001760855,20250429,,020-32974
0001760855-25-000003,0001760855,20250429,,020-32974
0001644600-25-000028,0001826213,20250429,,020-27132
0001670254-25-000488,0002032862,20250429,,020-34615
0001665160-25-000831,0002047887,20250429,,020-35322
0001665160-25-000830,0002047887,20250429,,020-35322
0002020502-25-000002,0002020502,20250429,,020-34005
0002020502-25-000001,0002020502,20250429,,020-34005
0001665160-25-000829,0002052774,20250429,,020-35436
0001665160-25-000828,0002052774,20250429,,020-35436
0001641172-25-006637,0001721305,20250429,,020-23828
0001665160-25-000827,0001859835,20250429,,020-28067
0001665160-25-000826,0001859835,20250429,,020-35017
0002004530-25-000001,0002004530,20250429,,020-33952
0001665160-25-000825,0001655749,20250429,,020-33582
0001665160-25-000823,0002045378,20250429,,020-35185
0001665160-25-000822,0002045378,20250429,,020-35185
0001665160-25-000820,0001759211,20250429,,020-31135
0001670254-25-000484,0001957134,20250429,,020-32297
0001665160-25-000818,0001920939,20250429,,020-30002
0001665160-25-000816,0001996095,20250429,,020-35565
0001665160-25-000814,0002044995,20250429,,020-35164
0001665160-25-000813,0002044995,20250429,,020-35164
0001644600-25-000027,0001933967,20250429,,020-34712
0001665160-25-000812,0001764003,20250429,,020-35767
0001665160-25-000811,0001764003,20250429,,020-35767
0001669191-25-000286,0001955728,20250429,,020-35674
0001665160-25-000809,0002043285,20250429,,020-35039
0001665160-25-000808,0002043285,20250429,,020-35039
0001941204-25-000001,0001941204,20250429,,020-30697
0001665160-25-000806,0001778032,20250429,,020-33653
0001665160-25-000805,0001778032,20250429,,020-35236
0001670254-25-000482,0002011502,20250429,,020-33825
0001670254-25-000481,0002053629,20250429,,020-35499
0001974874-25-000003,0001974874,20250429,,020-33175
0001139020-25-000090,0002011047,20250429,,020-33851
0001139020-25-000088,0001979812,20250429,,020-32663
0002036963-25-000002,0002027032,20250429,,020-34305
0002036963-25-000001,0002036963,20250429,,020-34756
0001974874-25-000001,0001974874,20250429,,020-33175
0001555127-25-000005,0001555127,20250429,,020-26416
0002024060-25-000003,0002024060,20250429,,020-34198
0001670254-25-000479,0001993921,20250429,,020-32936
0002028792-25-000003,0002028792,20250429,,020-34861
0001665160-25-000803,0001997094,20250429,,020-34691
0001096906-25-000619,0002030392,20250429,,020-34563
0001555127-25-000004,0001555127,20250429,,020-35753
0001665160-25-000800,0002014040,20250429,,020-33798
0001096906-25-000616,0001767862,20250429,,020-25250
0001641172-25-006618,0001745249,20250429,,020-24451
0001939505-25-000002,0001939505,20250429,,020-30602
0002028792-25-000002,0002028792,20250429,,020-34861
0001062993-25-008158,0001920223,20250429,,020-29967
0001972057-25-000002,0002021531,20250429,,020-34082
0001670254-25-000475,0001984506,20250429,,020-32606
0001866542-25-000005,0001866542,20250429,,020-28323
0001666102-25-000016,0002017534,20250429,,020-34516
0001666102-25-000015,0002017534,20250429,,020-34516
0001634025-25-000001,0001634025,20250429,,020-26408
0001972057-25-000001,0001972057,20250429,,020-32134
0001939505-25-000001,0001939505,20250429,,020-30602
0001666102-25-000014,0001869822,20250429,,020-32363
0001670254-25-000474,0001825224,20250429,,020-34287
0001866542-25-000003,0001866542,20250429,,020-28323
0001979102-25-000002,0001979102,20250429,,020-32518
0001666102-25-000013,0001869822,20250429,,020-34402
0002063604-25-000006,0002066042,20250429,,020-35837
0001062993-25-008152,0001978238,20250429,,020-32443
0001665160-25-000797,0001992986,20250429,,020-33009
0001991258-25-000003,0001991258,20250429,,020-33031
0001665160-25-000795,0002023016,20250429,,020-34168
0001062993-25-008146,0002032221,20250429,,020-34635
0001669191-25-000284,0002052671,20250429,,020-35422
0001670254-25-000472,0001972891,20250429,,020-34530
0001062993-25-008143,0001978238,20250429,,020-32443
0002013107-25-000002,0002013107,20250429,,020-33767
0001665160-25-000792,0001900590,20250429,,020-35836
0001670254-25-000471,0002011454,20250429,,020-33786
0001099910-25-000138,0001804181,20250429,,020-32325
0001829126-25-003016,0002064697,20250429,,020-35834
0001670254-25-000469,0002031997,20250429,,020-34666
0001670254-25-000467,0001647116,20250429,,020-35743
0001665160-25-000789,0002051498,20250429,,020-35469
0001670254-25-000464,0002056209,20250429,,020-35832
0001665160-25-000790,0001666308,20250429,,020-29520
0001670254-25-000463,0001989089,20250429,,020-33493
0001781973-25-000001,0001781973,20250429,,020-26939
0002065594-25-000001,0002065594,20250428,,020-35831
0001213900-25-036185,0001972234,20250428,,020-32164
0001670254-25-000461,0002026931,20250428,,020-34491
0001669191-25-000281,0001621902,20250428,,020-33570
0001665160-25-000788,0001971963,20250428,,020-32235
0001665160-25-000787,0001971963,20250428,,020-35595
0001670254-25-000460,0002023635,20250428,,020-34139
0001670254-25-000459,0002023635,20250428,,020-34139
0001510171-25-000003,0001510171,20250428,,020-34361
0001726003-25-000001,0001726003,20250428,,020-29090
0001665160-25-000786,0002042791,20250428,,020-35063
0001665160-25-000785,0002042791,20250428,,020-35063
0001670254-25-000456,0001812832,20250428,,020-26454
0001670254-25-000454,0001927507,20250428,,020-34143
0001670254-25-000452,0001984503,20250428,,020-32638
0001665160-25-000783,0001822078,20250428,,020-34534
0001665160-25-000782,0001822078,20250428,,020-26798
0001665160-25-000780,0001488790,20250428,,020-34933
0001670254-25-000450,0001961710,20250428,,020-35315
0002014005-25-000001,0002014005,20250428,,020-33963
0001670254-25-000449,0002052187,20250428,,020-35433
0002033917-25-000001,0002033917,20250428,,020-34657
0001959002-25-000002,0001959002,20250428,,020-34900
0001670254-25-000448,0001817417,20250428,,020-26619
0002063604-25-000005,0001615727,20250428,,020-26811
0001735613-25-000001,0001735613,20250428,,020-26398
0001835500-25-000003,0001835500,20250428,,020-27386
0001903644-25-000001,0001903644,20250428,,020-33020
0001665160-25-000778,0002060530,20250428,,020-35694
0001666102-25-000012,0002019755,20250428,,020-34114
0001670254-25-000446,0002005110,20250428,,020-33391
0001666102-25-000011,0002019755,20250428,,020-34114
0002060792-25-000004,0002060792,20250428,,020-35715
0002019088-25-000004,0002019088,20250428,,020-35150
0001881536-25-000002,0001881536,20250428,,020-28735
0001760855-25-000002,0001760855,20250428,,020-32974
0001670254-25-000441,0002056167,20250428,,020-35829
0001670254-25-000440,0001634025,20250428,,020-35828
0001670254-25-000443,0002056167,20250428,,020-35829
0001726537-25-000001,0001726537,20250428,,020-23945
0001670254-25-000442,0002056167,20250428,,020-35577
0001670254-25-000444,0002051863,20250428,,020-35605
0001670254-25-000445,0002043663,20250428,,020-35232
0002012683-25-000005,0002012683,20250428,,020-33756
0001670254-25-000435,0001936933,20250425,,020-31058
0001670254-25-000434,0002022950,20250425,,020-34103
0001777982-25-000003,0001777982,20250425,,020-35720
0001062993-25-007991,0002058322,20250425,,020-35610
0001958043-25-000001,0001947187,20250425,,020-31007
0001670254-25-000433,0001971259,20250425,,020-34210
0001670254-25-000431,0002063997,20250425,,020-35757
0001835500-25-000002,0001835500,20250425,,020-29418
0001978309-25-000003,0001978309,20250425,,020-35625
0001665160-25-000772,0001877022,20250425,,020-28623
0001973591-25-000008,0001973591,20250425,,020-32646
0001670254-25-000429,0002059521,20250425,,020-35827
0001973591-25-000007,0001973591,20250425,,020-32646
0001973591-25-000006,0001973591,20250425,,020-32646
0001665160-25-000769,0001559745,20250425,,020-32930
0001670254-25-000428,0001764417,20250425,,020-33929
0001670254-25-000427,0001806335,20250425,,020-28443
0001849552-25-000003,0001849552,20250425,,020-34771
0001691595-25-000002,0001691595,20250425,,020-34102
0001665160-25-000767,0002056316,20250425,,020-35584
0001849552-25-000002,0001849552,20250425,,020-34771
0001533704-25-000001,0001533704,20250425,,020-33916
0001670254-25-000426,0001991264,20250425,,020-32920
0001644600-25-000026,0001933967,20250425,,020-34712
0001670254-25-000424,0001893943,20250425,,020-31599
0002008640-25-000003,0002008640,20250425,,020-35262
0001670254-25-000422,0002011454,20250425,,020-34662
0002008640-25-000002,0002008640,20250425,,020-35262
0001062993-25-007968,0001963859,20250425,,020-35099
0001819194-25-000001,0001819194,20250425,,020-35332
0001644600-25-000025,0001933967,20250425,,020-34712
0001062993-25-007964,0001875534,20250425,,020-35218
0001099910-25-000135,0001969120,20250425,,020-31981
0001644600-25-000024,0001687316,20250425,,020-33082
0001213900-25-035237,0001931678,20250425,,020-30313
0001670254-25-000419,0002065431,20250425,,020-35826
0001993580-25-000001,0001993580,20250425,,020-33154
0001096906-25-000583,0001812444,20250425,,020-26441
0001670254-25-000418,0002042609,20250425,,020-35050
0001213900-25-035172,0001931678,20250425,,020-30313
0001017386-25-000056,0000717588,20250424,,020-28817
0001670254-25-000417,0001964418,20250424,,020-34798
0001670254-25-000416,0001952625,20250424,,020-33765
0001665160-25-000765,0002058306,20250424,,020-35713
0001665160-25-000763,0002058306,20250424,,020-35713
0001641172-25-006014,0002065709,20250424,,020-35825
0002063604-25-000004,0002065667,20250424,,020-35823
0001670254-25-000415,0001802249,20250424,,020-29297
0001670254-25-000414,0001854811,20250424,,020-27952
0001665160-25-000761,0001842368,20250424,,020-33711
0001096906-25-000577,0001916231,20250424,,020-35537
0001665160-25-000759,0002045356,20250424,,020-35542
0001665160-25-000758,0002045356,20250424,,020-35542
0002022795-25-000001,0002022795,20250424,,020-35028
0001738427-25-000001,0001738427,20250424,,020-32242
0001670254-25-000412,0001855821,20250424,,020-28693
0001670254-25-000411,0001675598,20250424,,020-32680
0001851385-25-000001,0001851385,20250424,,020-29950
0002063604-25-000003,0002065612,20250424,,020-35822
0002063604-25-000002,0002065587,20250424,,020-35821
0001670254-25-000410,0002020021,20250424,,020-34072
0001670254-25-000408,0001796036,20250424,,020-33107
0001140361-25-015305,0002061269,20250424,,020-35820
0001665160-25-000754,0001972678,20250424,,020-35319
0001665160-25-000756,0002059368,20250424,,020-35672
0001670254-25-000406,0002065401,20250424,,020-35818
0001963747-25-000003,0001963747,20250424,,020-35773
0001213900-25-034759,0001952082,20250424,,020-34711
0001641172-25-005893,0002019817,20250423,,020-35816
0001665160-25-000751,0001845509,20250423,,020-27683
0001665160-25-000750,0001845509,20250423,,020-35675
0001670254-25-000404,0001611161,20250423,,020-24714
0001670254-25-000402,0001777061,20250423,,020-25674
0001947088-25-000001,0001947088,20250423,,020-31155
0001665160-25-000748,0002003387,20250423,,020-35814
0002065339-25-000001,0002065339,20250423,,020-35812
0001665160-25-000746,0002062787,20250423,,020-35811
0001973591-25-000003,0001973591,20250423,,020-32646
0001830829-25-000002,0001830829,20250423,,020-32986
0001670254-25-000401,0001724714,20250423,,020-23919
0001670254-25-000399,0001952398,20250423,,020-34046
0002020731-25-000002,0002020731,20250423,,020-34353
0001993754-25-000001,0001993754,20250423,,020-32938
0001670254-25-000397,0002065319,20250423,,020-35809
0001893890-25-000001,0001893890,20250423,,020-29455
0002035648-25-000001,0002035648,20250423,,020-35061
0001789811-25-000003,0001789811,20250422,,020-25696
0001789811-25-000002,0001789811,20250422,,020-25696
0001670254-25-000396,0001836722,20250422,,020-27560
0001665160-25-000744,0001783128,20250422,,020-25678
0001665160-25-000743,0001783128,20250422,,020-35641
0002001857-25-000008,0001648350,20250422,,020-33856
0001213900-25-034242,0001123312,20250422,,020-31574
0002001857-25-000007,0001648350,20250422,,020-33856
0001665160-25-000741,0001732981,20250422,,020-35335
0001665160-25-000740,0002033731,20250422,,020-34679
0002065336-25-000001,0002065336,20250422,,020-35808
0002062177-25-000001,0002062177,20250422,,020-35807
0001665160-25-000739,0001718984,20250422,,020-35004
0001665160-25-000738,0001718984,20250422,,020-35004
0002001857-25-000006,0001822699,20250422,,020-26831
0002055191-25-000003,0002055191,20250422,,020-35551
0001683892-25-000002,0001683892,20250422,,020-33979
0001669191-25-000278,0002034116,20250422,,020-35055
0002031364-25-000007,0002025077,20250422,,020-34254
0001665160-25-000735,0002065286,20250422,,020-35806
0001665160-25-000732,0002063062,20250422,,020-35804
0002031364-25-000006,0002043207,20250422,,020-35110
0002031364-25-000005,0001942322,20250422,,020-31229
0002031364-25-000004,0002011114,20250422,,020-33643
0002031364-25-000003,0002007628,20250422,,020-33489
0001669191-25-000275,0002004517,20250422,,020-33469
0002031364-25-000002,0001660271,20250422,,020-28396
0002031364-25-000001,0002031364,20250422,,020-34487
0002007364-25-000001,0002007364,20250422,,020-33507
0001670254-25-000393,0002064976,20250422,,020-35802
0001986571-25-000003,0001986571,20250422,,020-32722
0002012683-25-000002,0002012683,20250422,,020-33756
0001956001-25-000007,0001956001,20250421,,020-31476
0001665160-25-000730,0001821125,20250421,,020-26975
0001665160-25-000729,0002057514,20250421,,020-35676
0002046827-25-000006,0002046827,20250421,,020-35375
0002035755-25-000004,0001727750,20250421,,020-35801
0001099910-25-000130,0001999692,20250421,,020-33744
0001666102-25-000010,0002043346,20250421,,020-35025
0001666102-25-000009,0002043346,20250421,,020-35025
0002035755-25-000003,0002008327,20250421,,020-33527
0002035755-25-000002,0001968222,20250421,,020-32150
0002035755-25-000001,0002035755,20250421,,020-34719
0001670254-25-000392,0002027681,20250421,,020-34455
0002063604-25-000001,0002063604,20250421,,020-35800
0001666102-25-000008,0002019538,20250421,,020-34356
0001666102-25-000007,0002019538,20250421,,020-34356
0001670254-25-000386,0002015355,20250421,,020-33806
0001665160-25-000728,0002052465,20250421,,020-35450
0002065046-25-000001,0002065046,20250421,,020-35797
0001670254-25-000388,0001947056,20250421,,020-35798
0001665160-25-000726,0002055428,20250421,,020-35543
0001670254-25-000390,0001891649,20250421,,020-35799
0001665160-25-000724,0002063496,20250418,,020-35741
0001665160-25-000723,0001458574,20250418,,020-35380
0001665160-25-000722,0002059368,20250418,,020-35672
0001665160-25-000721,0002058865,20250418,,020-35649
0001665160-25-000720,0001783128,20250418,,020-35641
0001665160-25-000719,0001733353,20250418,,020-35711
0001665160-25-000718,0002009327,20250418,,020-35644
0001665160-25-000717,0002060530,20250418,,020-35694
0001670254-25-000385,0001836721,20250418,,020-27370
0002062402-25-000001,0002062402,20250418,,020-35796
0001665160-25-000716,0002022025,20250418,,020-34164
0001665160-25-000715,0001812658,20250418,,020-26617
0002056010-25-000004,0002053930,20250418,,020-35586
0002056010-25-000003,0002055809,20250418,,020-35548
0001670254-25-000384,0002024399,20250418,,020-34471
0001665160-25-000713,0001965392,20250418,,020-35795
0001665160-25-000711,0001777274,20250418,,020-35351
0001665160-25-000709,0001777274,20250418,,020-25998
0001669191-25-000273,0001899326,20250418,,020-29367
0001665160-25-000706,0002009327,20250418,,020-35644
0002063804-25-000002,0002063807,20250418,,020-35792
0002063804-25-000001,0002063804,20250418,,020-35791
0001736664-25-000001,0001736664,20250418,,020-24293
0001665160-25-000702,0001863653,20250418,,020-28266
0001670254-25-000379,0001751635,20250418,,020-35789
0001670254-25-000380,0002009974,20250418,,020-33584
0001665160-25-000700,0002055989,20250418,,020-35554
0001670254-25-000382,0002064723,20250418,,020-35790
0001096906-25-000543,0002010960,20250417,,020-35787
0001641172-25-005303,0002064941,20250417,,020-35786
0002052474-25-000004,0002052474,20250417,,020-35664
0001670254-25-000377,0002016335,20250417,,020-33839
0001665160-25-000699,0001833787,20250417,,020-35626
0001665160-25-000698,0001980292,20250417,,020-35412
0001670254-25-000376,0001947789,20250417,,020-31199
0001331332-25-000003,0001331332,20250417,,020-28986
0001062993-25-007627,0002035321,20250417,,020-34715
0001670254-25-000375,0002030151,20250417,,020-34472
0002009814-25-000002,0002009814,20250417,,020-33790
0002009814-25-000001,0002009814,20250417,,020-33790
0001669191-25-000272,0002042829,20250417,,020-35222
0001670254-25-000374,0001732157,20250417,,020-33762
0001665160-25-000696,0001733353,20250417,,020-35711
0001062993-25-007622,0002043459,20250417,,020-35022
0001870611-25-000004,0001870611,20250417,,020-33478
0002032653-25-000003,0002032653,20250417,,020-35064
0002032653-25-000002,0002032653,20250417,,020-35064
0002007209-25-000003,0002007209,20250417,,020-33519
0002008980-25-000001,0002008980,20250417,,020-33995
0002007209-25-000001,0002007209,20250417,,020-33519
0001996759-25-000006,0001996759,20250417,,020-33352
0001996759-25-000004,0001996759,20250417,,020-33352
0001665160-25-000693,0001684283,20250417,,020-35783
0001669191-25-000269,0002045208,20250417,,020-35271
0001062993-25-007617,0002043459,20250417,,020-35022
0001670254-25-000373,0002037345,20250417,,020-35011
0001665160-25-000690,0001821125,20250416,,020-26975
0001669191-25-000266,0002008454,20250416,,020-35748
0001665160-25-000688,0002041723,20250416,,020-34986
0001665160-25-000687,0001880047,20250416,,020-35374
0001665160-25-000686,0002047529,20250416,,020-35317
0001665160-25-000685,0002052772,20250416,,020-35426
0001665160-25-000684,0001741454,20250416,,020-35393
0001670254-25-000372,0001969665,20250416,,020-32038
0001670254-25-000371,0001881570,20250416,,020-28927
0001670254-25-000370,0001977447,20250416,,020-33439
0001096906-25-000530,0002041824,20250416,,020-35574
0001670254-25-000368,0002005090,20250416,,020-33400
0001665160-25-000683,0002057570,20250416,,020-35780
0001477932-25-002788,0001989655,20250416,,020-33167
0001665160-25-000682,0001720264,20250416,,020-33676
0001665160-25-000680,0001720264,20250416,,020-35414
0001670254-25-000367,0001900590,20250416,,020-34343
0001670254-25-000366,0001817417,20250416,,020-35428
0002019885-25-000002,0002019885,20250416,,020-34035
0001709244-25-000002,0001709244,20250416,,020-23460
0001670254-25-000365,0001817417,20250416,,020-35428
0001665160-25-000678,0001706842,20250416,,020-31074
0001665160-25-000677,0002040427,20250416,,020-34918
0001665160-25-000675,0001952850,20250416,,020-31308
0001716974-25-000002,0001716974,20250416,,020-23618
0002064198-25-000001,0002064198,20250416,,020-35758
0002010151-25-000002,0002010151,20250416,,020-33575
0001665160-25-000671,0002033731,20250416,,020-35778
0002063914-25-000002,0002063914,20250415,,020-35770
0001923441-25-000002,0001923441,20250415,,020-30050
0001665160-25-000669,0002041067,20250415,,020-34962
0001665160-25-000667,0002051297,20250415,,020-35402
0001665160-25-000666,0002052465,20250415,,020-35450
0001477932-25-002741,0001620704,20250415,,020-34208
0001665160-25-000665,0001765489,20250415,,020-35175
0001920292-25-000002,0001920292,20250415,,020-29986
0001920292-25-000001,0001920292,20250415,,020-29986
0002063605-25-000001,0002063605,20250415,,020-35776
0001665160-25-000663,0002045020,20250415,,020-35162
0002038139-25-000002,0002038139,20250415,,020-34820
0001669191-25-000264,0001750795,20250415,,020-34896
0002049492-25-000004,0001727750,20250415,,020-26630
0002036985-25-000003,0002036985,20250415,,020-35258
0002010670-25-000002,0002010670,20250415,,020-35295
0001062993-25-007483,0002017801,20250415,,020-35775
0001670254-25-000364,0001990587,20250415,,020-34406
0001670254-25-000363,0001974063,20250415,,020-34802
0002029197-25-000002,0002029197,20250414,,020-35379
0001670254-25-000362,0002024433,20250414,,020-34231
0002061068-25-000004,0002046887,20250414,,020-35583
0002061068-25-000003,0002061068,20250414,,020-35683
0001665160-25-000661,0001968555,20250414,,020-31950
0001665160-25-000658,0001983438,20250414,,020-32660
0001062993-25-007441,0001763588,20250414,,020-35701
0001665160-25-000656,0001987012,20250414,,020-32711
0001963747-25-000002,0001963747,20250414,,020-35773
0002000970-25-000001,0002000970,20250414,,020-33328
0001665160-25-000653,0001820834,20250414,,020-26992
0001644600-25-000023,0001687316,20250414,,020-34685
0002059910-25-000004,0002059910,20250414,,020-35657
0001665160-25-000650,0001744757,20250414,,020-35535
0001665160-25-000648,0002015440,20250414,,020-34992
0002058988-25-000004,0002058988,20250414,,020-35639
0001666102-25-000006,0002031376,20250414,,020-34558
0001666102-25-000005,0002031376,20250414,,020-34558
0001665160-25-000646,0001857657,20250414,,020-28197
0001062993-25-007400,0001095130,20250414,,020-35772
0001760404-25-000003,0001760404,20250414,,020-34703
0001665160-25-000642,0002051477,20250414,,020-35445
0002063914-25-000001,0002063914,20250411,,020-35770
0001665160-25-000641,0001936666,20250411,,020-35557
0002055679-25-000004,0002055679,20250411,,020-35528
0001665160-25-000639,0002057956,20250411,,020-35613
0002055679-25-000003,0002055679,20250411,,020-35528
0001670254-25-000361,0002005162,20250411,,020-33521
0001665160-25-000638,0001967763,20250411,,020-35667
0001665160-25-000636,0001926829,20250411,,020-30219
0001665160-25-000635,0001926829,20250411,,020-30219
0001670254-25-000359,0001990481,20250411,,020-33075
0001665160-25-000634,0001926829,20250411,,020-30219
0001793646-25-000005,0001793646,20250411,,020-33844
0001670254-25-000358,0001835668,20250411,,020-27340
0001665160-25-000633,0002042791,20250411,,020-35063
0001989839-25-000003,0001989839,20250411,,020-32795
0001989839-25-000002,0001989839,20250411,,020-32795
0001665160-25-000631,0002030563,20250411,,020-34470
0001870874-25-000003,0002050717,20250411,,020-35769
0001644600-25-000021,0001710670,20250411,,020-35461
0001644600-25-000019,0001786471,20250411,,020-25597
0001746480-25-000005,0001746480,20250411,,020-30460
0001665160-25-000629,0002036797,20250411,,020-34810
0001746480-25-000004,0001746480,20250411,,020-30460
0001665160-25-000627,0001825277,20250411,,020-29682
0001665160-25-000624,0001809263,20250411,,020-29155
0001665160-25-000622,0001925116,20250411,,020-35342
0001665160-25-000620,0001960077,20250411,,020-31877
0001665160-25-000617,0001916649,20250411,,020-29903
0002055679-25-000002,0002055679,20250411,,020-35528
0001665160-25-000615,0002049921,20250411,,020-35349
0001670254-25-000356,0002016494,20250411,,020-35768
0001665160-25-000614,0002053244,20250411,,020-35464
0001665160-25-000613,0002053244,20250410,,020-35464
0001665160-25-000611,0002007816,20250410,,020-35386
0001665160-25-000609,0002007816,20250410,,020-35386
0002027681-25-000003,0002027681,20250410,,020-34455
0001665160-25-000606,0001831805,20250410,,020-27260
0001670254-25-000353,0001989498,20250410,,020-32735
0001670254-25-000351,0001882848,20250410,,020-33300
0001665160-25-000603,0001478985,20250410,,020-26084
0001670254-25-000350,0002047283,20250410,,020-35404
0001665160-25-000601,0001940832,20250410,,020-30852
0001807742-25-000001,0001807742,20250410,,020-26273
0001665160-25-000598,0002040415,20250410,,020-34961
0001665160-25-000595,0001764003,20250410,,020-35767
0001665160-25-000593,0001996038,20250410,,020-33051
0002026753-25-000001,0002026753,20250410,,020-34286
0002059568-25-000001,0002059568,20250410,,020-35765
0002001196-25-000002,0002001196,20250410,,020-34182
0002001159-25-000002,0002001159,20250410,,020-34180
0001670254-25-000349,0001916637,20250410,,020-29895
0001989095-25-000009,0001989095,20250410,,020-33334
0001989095-25-000007,0001989095,20250410,,020-33334
0001665160-25-000589,0001926831,20250410,,020-30124
0001665160-25-000587,0001822782,20250410,,020-33895
0001683168-25-002405,0001730533,20250410,,020-35131
0001665160-25-000585,0001934237,20250410,,020-33540
0001665160-25-000583,0001568861,20250410,,020-34249
0001665160-25-000578,0001973971,20250410,,020-32309
0001670254-25-000346,0001997489,20250410,,020-35763
0001670254-25-000345,0002053745,20250410,,020-35589
0001665160-25-000580,0001973971,20250410,,020-32309
0001670254-25-000347,0002063983,20250410,,020-35764
0001665160-25-000579,0001973971,20250410,,020-32309
0001669191-25-000262,0002026909,20250409,,020-34291
0001669191-25-000261,0001825796,20250409,,020-31925
0001669191-25-000258,0002031487,20250409,,020-35400
0001665160-25-000570,0002037196,20250409,,020-35009
0001670254-25-000344,0001870369,20250409,,020-33651
0001665160-25-000568,0001994173,20250409,,020-33072
0001670254-25-000342,0001964750,20250409,,020-31786
0001665160-25-000566,0001803721,20250409,,020-26174
0001821195-25-000002,0001821195,20250409,,020-26768
0001665160-25-000563,0002063642,20250409,,020-35762
0001821195-25-000001,0001821195,20250409,,020-33238
0001670254-25-000341,0001826329,20250409,,020-34757
0001666025-25-000001,0002034291,20250409,,020-34646
0001670254-25-000340,0002012967,20250409,,020-33684
0001665160-25-000561,0002052600,20250409,,020-35465
0001665160-25-000559,0001887887,20250409,,020-28954
0001665160-25-000556,0001873475,20250409,,020-28941
0001665160-25-000553,0001937683,20250409,,020-30530
0001670254-25-000336,0002053749,20250409,,020-35504
0001665160-25-000550,0001948125,20250409,,020-31035
0002060792-25-000003,0002060792,20250409,,020-35715
0001665160-25-000548,0001292625,20250409,,020-32055
0001665160-25-000546,0001731197,20250409,,020-25317
0001665160-25-000543,0001881374,20250409,,020-32464
0001670254-25-000334,0001928347,20250409,,020-30483
0001665160-25-000541,0001765489,20250409,,020-26434
0001670254-25-000332,0001905705,20250409,,020-33776
0001665160-25-000539,0001965503,20250409,,020-32027
0001665160-25-000536,0001715110,20250409,,020-29632
0001669191-25-000256,0002019865,20250409,,020-34051
0001717109-25-000003,0001717109,20250409,,020-30813
0001717109-25-000001,0001717109,20250409,,020-30813
0001670254-25-000327,0002044204,20250409,,020-35759
0002061810-25-000001,0002061810,20250409,,020-35760
0001555127-25-000003,0001555127,20250409,,020-26416
0001670254-25-000329,0002044204,20250409,,020-35425
0001670254-25-000330,0001862481,20250409,,020-31943
0002035878-25-000003,0002064198,20250408,,020-35758
0001670254-25-000326,0001945171,20250408,,020-35329
0001670254-25-000324,0002000924,20250408,,020-33509
0001980806-25-000003,0001980806,20250408,,020-32788
0001980806-25-000002,0001980806,20250408,,020-32788
0001670254-25-000323,0002009448,20250408,,020-33541
0002016816-25-000002,0002016816,20250408,,020-34156
0002035878-25-000002,0002057607,20250408,,020-35575
0001665160-25-000534,0001982201,20250408,,020-32586
0001670254-25-000322,0001934804,20250408,,020-32100
0001670254-25-000321,0002053749,20250408,,020-35504
0002055060-25-000002,0002004960,20250408,,020-33421
0001670254-25-000318,0002063997,20250408,,020-35757
0001665160-25-000531,0001861448,20250408,,020-28989
0001952170-25-000001,0001952170,20250408,,020-31348
0002035878-25-000001,0002063803,20250408,,020-35756
0002052148-25-000003,0002052148,20250408,,020-35559
0001665160-25-000529,0001960077,20250408,,020-35620
0001670254-25-000316,0001930642,20250408,,020-35755
0001665160-25-000528,0002033731,20250408,,020-34679
0002052841-25-000004,0002063806,20250408,,020-35754
0002052841-25-000003,0002052841,20250408,,020-35462
0002009571-25-000007,0002009571,20250408,,020-34101
0001555127-25-000002,0001555127,20250408,,020-35753
0001670254-25-000313,0001781973,20250408,,020-35752
0001670254-25-000309,0001831322,20250408,,020-27243
0001670254-25-000312,0001831322,20250408,,020-35751
0001670254-25-000305,0001588427,20250407,,020-30818
0001665160-25-000527,0001844273,20250407,,020-35442
0002009571-25-000005,0002009571,20250407,,020-34101
0001670254-25-000303,0001918812,20250407,,020-29933
0002064005-25-000001,0002064005,20250407,,020-35750
0001903204-25-000003,0001903204,20250407,,020-30018
0001951496-25-000001,0001951496,20250407,,020-31495
0001903204-25-000002,0001903204,20250407,,020-30018
0001670254-25-000302,0002023653,20250407,,020-34142
0001062993-25-007129,0001763588,20250407,,020-35701
0001670254-25-000301,0001832659,20250407,,020-35749
0002042549-25-000002,0002042549,20250407,,020-35659
0001669191-25-000254,0002002801,20250407,,020-33466
0001670254-25-000300,0001893890,20250407,,020-35138
0001947784-25-000004,0001947784,20250407,,020-32785
0001665160-25-000526,0002056658,20250404,,020-35600
0001669191-25-000251,0002008454,20250404,,020-35748
0001670254-25-000299,0001755580,20250404,,020-24821
0001670254-25-000297,0001696893,20250404,,020-35746
0001669191-25-000249,0001750795,20250404,,020-34896
0001670254-25-000296,0001951510,20250404,,020-31291
0001062993-25-007078,0001875534,20250404,,020-35218
0001665160-25-000523,0002030600,20250404,,020-34560
0001670254-25-000295,0001862675,20250404,,020-28101
0001062993-25-007055,0002045228,20250404,,020-35284
0001901009-25-000013,0001901009,20250404,,020-32867
0001665160-25-000520,0002043285,20250404,,020-35039
0002059502-25-000001,0002059502,20250404,,020-35745
0001641172-25-002690,0002004530,20250404,,020-33952
0002058988-25-000003,0002058988,20250404,,020-35639
0001665160-25-000519,0001718984,20250404,,020-35004
0002056010-25-000002,0002056010,20250403,,020-35545
0002050967-25-000006,0002050967,20250403,,020-35431
0002050824-25-000007,0002050824,20250403,,020-35409
0002054901-25-000004,0002054901,20250403,,020-35527
0001896328-25-000005,0001896328,20250403,,020-35592
0002036841-25-000004,0002035625,20250403,,020-34908
0002054162-25-000002,0002054162,20250403,,020-35507
0002047457-25-000003,0002047457,20250403,,020-35347
0002054005-25-000003,0002054005,20250403,,020-35483
0002036841-25-000003,0002036841,20250403,,020-35259
0001950933-25-000007,0002054326,20250403,,020-35487
0001670254-25-000291,0001706765,20250403,,020-25665
0001670254-25-000289,0001947784,20250403,,020-32785
0001972948-25-000001,0001972948,20250403,,020-32385
0001670254-25-000288,0002022956,20250403,,020-34503
0002063606-25-000001,0002063606,20250403,,020-35744
0001670254-25-000287,0001945872,20250403,,020-31255
0002058947-25-000002,0002058947,20250403,,020-35637
0001990079-25-000001,0001990079,20250403,,020-32756
0001670254-25-000285,0001647116,20250403,,020-35743
0001670254-25-000283,0002008838,20250402,,020-33520
0002060792-25-000002,0002060792,20250402,,020-35715
0001641172-25-002411,0002016234,20250402,,020-35719
0001670254-25-000282,0001900590,20250402,,020-34343
0001670254-25-000281,0002023046,20250402,,020-34106
0001670254-25-000280,0001998278,20250402,,020-33389
0002008726-25-000003,0002008726,20250402,,020-33792
0002008726-25-000002,0002008726,20250402,,020-33792
0001665160-25-000516,0001964906,20250402,,020-31853
0001670254-25-000279,0001930034,20250402,,020-33938
0001665160-25-000513,0002056160,20250402,,020-35562
0001670254-25-000278,0001898656,20250402,,020-31027
0001665160-25-000511,0002062460,20250402,,020-35742
0002016846-25-000004,0002016846,20250402,,020-33919
0002016846-25-000002,0002016846,20250402,,020-33919
0001669191-25-000247,0001898169,20250402,,020-35698
0001973860-25-000003,0001973860,20250402,,020-35034
0001665160-25-000509,0002063496,20250402,,020-35741
0001669191-25-000245,0001898169,20250402,,020-35698
0001787792-25-000003,0001787792,20250402,,020-35567
0001670254-25-000276,0001943904,20250402,,020-34442
0001670254-25-000272,0001980745,20250402,,020-35738
0001670254-25-000274,0002020584,20250402,,020-35739
0001665160-25-000507,0002047825,20250401,,020-35266
0001665160-25-000506,0001488790,20250401,,020-34933
0001665160-25-000505,0001890225,20250401,,020-35391
0001821982-25-000005,0002050934,20250401,,020-35388
0002048122-25-000001,0002048122,20250401,,020-35274
0002022041-25-000003,0002022041,20250401,,020-34100
0002022041-25-000002,0002022041,20250401,,020-34100
0001669191-25-000239,0002035650,20250401,,020-34794
0001669191-25-000238,0001955728,20250401,,020-35674
0001665160-25-000503,0002059961,20250401,,020-35736
0001829126-25-002272,0001836728,20250401,,020-34394
0002060962-25-000002,0002060416,20250401,,020-35734
0001669191-25-000235,0002024066,20250401,,020-34247
0001669191-25-000234,0002035965,20250401,,020-34977
0002060962-25-000001,0002060962,20250401,,020-35682
0001641172-25-001963,0002019817,20250401,,020-35370
0001903596-25-000154,0001036148,20250401,,020-29300
0001829126-25-002250,0001836728,20250401,,020-34394
0001670254-25-000267,0002047287,20250401,,020-35304
0001670254-25-000271,0002030955,20250401,,020-35733
0001670254-25-000268,0002062759,20250401,,020-35731
0001670254-25-000270,0002063429,20250401,,020-35732
